,date,retail_and_recreation_percent_change_from_baseline,grocery_and_pharmacy_percent_change_from_baseline,parks_percent_change_from_baseline,transit_stations_percent_change_from_baseline,workplaces_percent_change_from_baseline,residential_percent_change_from_baseline,Day,Price Per Gallon
0,2020-02-15,-1.0,-2.0,11.0,8.0,-3.0,0.0,Saturday,3.125
1,2020-02-16,13.0,1.0,19.0,3.0,-2.0,-1.0,Sunday,3.125
2,2020-02-17,10.0,4.0,64.0,-13.0,-40.0,7.0,Monday,3.125
3,2020-02-18,4.0,2.0,51.0,6.0,-8.0,1.0,Tuesday,3.116
4,2020-02-19,2.0,2.0,62.0,6.0,-7.0,0.0,Wednesday,3.116
5,2020-02-20,3.0,1.0,53.0,2.0,-6.0,0.0,Thursday,3.116
6,2020-02-21,1.0,-4.0,51.0,1.0,-7.0,1.0,Friday,3.116
7,2020-02-22,0.0,-5.0,34.0,8.0,-1.0,-1.0,Saturday,3.116
8,2020-02-23,7.0,-2.0,0.0,2.0,1.0,0.0,Sunday,3.116
9,2020-02-24,0.0,-2.0,16.0,2.0,4.0,-1.0,Monday,3.116
10,2020-02-25,4.0,1.0,37.0,3.0,1.0,0.0,Tuesday,3.125
11,2020-02-26,5.0,2.0,45.0,5.0,1.0,-1.0,Wednesday,3.125
12,2020-02-27,8.0,1.0,57.0,7.0,2.0,-1.0,Thursday,3.125
13,2020-02-28,3.0,1.0,21.0,4.0,1.0,0.0,Friday,3.125
14,2020-02-29,1.0,6.0,33.0,3.0,1.0,-1.0,Saturday,3.125
15,2020-03-01,12.0,6.0,35.0,7.0,1.0,0.0,Sunday,3.125
16,2020-03-02,-3.0,9.0,-12.0,-6.0,0.0,1.0,Monday,3.125
17,2020-03-03,-1.0,10.0,15.0,-8.0,-5.0,3.0,Tuesday,3.123
18,2020-03-04,-2.0,6.0,52.0,-9.0,-8.0,3.0,Wednesday,3.123
19,2020-03-05,-5.0,5.0,14.0,-16.0,-16.0,7.0,Thursday,3.123
20,2020-03-06,-11.0,-1.0,-5.0,-21.0,-22.0,9.0,Friday,3.123
21,2020-03-07,-13.0,-5.0,13.0,-12.0,-5.0,4.0,Saturday,3.123
22,2020-03-08,-5.0,-6.0,33.0,-14.0,-6.0,3.0,Sunday,3.123
23,2020-03-09,-6.0,-1.0,47.0,-25.0,-25.0,9.0,Monday,3.123
24,2020-03-10,-7.0,1.0,25.0,-27.0,-27.0,10.0,Tuesday,3.079
25,2020-03-11,-9.0,6.0,33.0,-28.0,-27.0,10.0,Wednesday,3.079
26,2020-03-12,-11.0,10.0,30.0,-33.0,-32.0,12.0,Thursday,3.079
27,2020-03-13,-20.0,7.0,-30.0,-40.0,-37.0,15.0,Friday,3.079
28,2020-03-14,-28.0,1.0,12.0,-28.0,-13.0,7.0,Saturday,3.079
29,2020-03-15,-20.0,-4.0,42.0,-31.0,-15.0,6.0,Sunday,3.079
30,2020-03-16,-26.0,12.0,43.0,-44.0,-45.0,16.0,Monday,3.079
31,2020-03-17,-35.0,2.0,54.0,-47.0,-51.0,20.0,Tuesday,2.892
32,2020-03-18,-38.0,-1.0,89.0,-50.0,-53.0,21.0,Wednesday,2.892
33,2020-03-19,-40.0,-3.0,81.0,-56.0,-55.0,22.0,Thursday,2.892
34,2020-03-20,-43.0,-3.0,75.0,-56.0,-55.0,23.0,Friday,2.892
35,2020-03-21,-53.0,-15.0,56.0,-50.0,-36.0,13.0,Saturday,2.892
36,2020-03-22,-50.0,-21.0,20.0,-57.0,-38.0,12.0,Sunday,2.892
37,2020-03-23,-46.0,-12.0,-9.0,-63.0,-58.0,23.0,Monday,2.892
38,2020-03-24,-50.0,-17.0,-8.0,-64.0,-62.0,27.0,Tuesday,2.766
39,2020-03-25,-53.0,-20.0,5.0,-66.0,-65.0,27.0,Wednesday,2.766
40,2020-03-26,-58.0,-26.0,-23.0,-70.0,-68.0,30.0,Thursday,2.766
41,2020-03-27,-59.0,-25.0,-25.0,-71.0,-68.0,31.0,Friday,2.766
42,2020-03-28,-64.0,-31.0,-30.0,-66.0,-48.0,18.0,Saturday,2.766
43,2020-03-29,-57.0,-30.0,0.0,-66.0,-47.0,15.0,Sunday,2.766
44,2020-03-30,-56.0,-28.0,-33.0,-72.0,-69.0,28.0,Monday,2.766
45,2020-03-31,-53.0,-23.0,-6.0,-70.0,-70.0,30.0,Tuesday,2.702
46,2020-04-01,-52.0,-20.0,21.0,-68.0,-70.0,29.0,Wednesday,2.702
47,2020-04-02,-55.0,-22.0,-5.0,-72.0,-70.0,30.0,Thursday,2.702
48,2020-04-03,-56.0,-21.0,-18.0,-72.0,-69.0,31.0,Friday,2.702
49,2020-04-04,-60.0,-24.0,7.0,-64.0,-48.0,17.0,Saturday,2.702
50,2020-04-05,-56.0,-29.0,-10.0,-68.0,-48.0,15.0,Sunday,2.702
51,2020-04-06,-51.0,-21.0,26.0,-70.0,-69.0,27.0,Monday,2.702
52,2020-04-07,-52.0,-20.0,35.0,-70.0,-70.0,29.0,Tuesday,2.656
53,2020-04-08,-52.0,-20.0,49.0,-69.0,-70.0,28.0,Wednesday,2.656
54,2020-04-09,-52.0,-18.0,43.0,-70.0,-70.0,29.0,Thursday,2.656
55,2020-04-10,-54.0,-17.0,29.0,-70.0,-70.0,30.0,Friday,2.656
56,2020-04-11,-59.0,-19.0,-5.0,-63.0,-48.0,17.0,Saturday,2.656
57,2020-04-12,-65.0,-34.0,4.0,-66.0,-49.0,14.0,Sunday,2.656
58,2020-04-13,-53.0,-23.0,12.0,-69.0,-68.0,27.0,Monday,2.656
59,2020-04-14,-52.0,-21.0,32.0,-68.0,-68.0,29.0,Tuesday,2.573
60,2020-04-15,-50.0,-18.0,29.0,-67.0,-68.0,28.0,Wednesday,2.573
61,2020-04-16,-51.0,-19.0,35.0,-68.0,-68.0,28.0,Thursday,2.573
62,2020-04-17,-54.0,-21.0,16.0,-68.0,-67.0,29.0,Friday,2.573
63,2020-04-18,-60.0,-26.0,-20.0,-62.0,-45.0,17.0,Saturday,2.573
64,2020-04-19,-53.0,-26.0,20.0,-63.0,-44.0,13.0,Sunday,2.573
65,2020-04-20,-50.0,-23.0,27.0,-67.0,-67.0,26.0,Monday,2.573
66,2020-04-21,-52.0,-24.0,-3.0,-68.0,-67.0,29.0,Tuesday,2.543
67,2020-04-22,-55.0,-25.0,-36.0,-71.0,-67.0,29.0,Wednesday,2.543
68,2020-04-23,-54.0,-23.0,-17.0,-70.0,-67.0,29.0,Thursday,2.543
69,2020-04-24,-54.0,-22.0,5.0,-67.0,-66.0,29.0,Friday,2.543
70,2020-04-25,-58.0,-23.0,6.0,-60.0,-45.0,16.0,Saturday,2.543
71,2020-04-26,-52.0,-26.0,8.0,-62.0,-44.0,13.0,Sunday,2.543
72,2020-04-27,-49.0,-22.0,5.0,-67.0,-65.0,26.0,Monday,2.543
73,2020-04-28,-49.0,-21.0,12.0,-67.0,-66.0,19.0,Tuesday,2.531
74,2020-04-29,-49.0,-19.0,20.0,-66.0,-66.0,27.0,Wednesday,2.531
75,2020-04-30,-49.0,-18.0,5.0,-67.0,-66.0,27.0,Thursday,2.531
76,2020-05-01,-49.0,-16.0,26.0,-64.0,-64.0,27.0,Friday,2.531
77,2020-05-02,-57.0,-22.0,-34.0,-61.0,-44.0,16.0,Saturday,2.531
78,2020-05-03,-48.0,-20.0,13.0,-60.0,-40.0,12.0,Sunday,2.531
79,2020-05-04,-46.0,-18.0,6.0,-65.0,-63.0,25.0,Monday,2.531
80,2020-05-05,-42.0,-10.0,56.0,-63.0,-64.0,25.0,Tuesday,2.581
81,2020-05-06,-48.0,-17.0,18.0,-64.0,-64.0,26.0,Wednesday,2.581
82,2020-05-07,-45.0,-13.0,58.0,-63.0,-63.0,25.0,Thursday,2.581
83,2020-05-08,-46.0,-9.0,78.0,-61.0,-62.0,24.0,Friday,2.581
84,2020-05-09,-50.0,-7.0,76.0,-50.0,-38.0,11.0,Saturday,2.581
85,2020-05-10,-41.0,-8.0,61.0,-54.0,-35.0,8.0,Sunday,2.581
86,2020-05-11,-47.0,-21.0,7.0,-65.0,-62.0,24.0,Monday,2.581
87,2020-05-12,-46.0,-16.0,18.0,-64.0,-62.0,26.0,Tuesday,2.565
88,2020-05-13,-45.0,-14.0,47.0,-62.0,-62.0,25.0,Wednesday,2.565
89,2020-05-14,-47.0,-17.0,30.0,-64.0,-62.0,26.0,Thursday,2.565
90,2020-05-15,-46.0,-15.0,64.0,-61.0,-61.0,24.0,Friday,2.565
91,2020-05-16,-55.0,-21.0,-15.0,-57.0,-38.0,14.0,Saturday,2.565
92,2020-05-17,-45.0,-19.0,42.0,-56.0,-33.0,11.0,Sunday,2.565
93,2020-05-18,-43.0,-18.0,38.0,-62.0,-60.0,23.0,Monday,2.565
94,2020-05-19,-42.0,-15.0,45.0,-62.0,-61.0,25.0,Tuesday,2.615
95,2020-05-20,-45.0,-16.0,9.0,-62.0,-61.0,25.0,Wednesday,2.615
96,2020-05-21,-46.0,-16.0,-8.0,-64.0,-61.0,26.0,Thursday,2.615
97,2020-05-22,-44.0,-11.0,19.0,-61.0,-60.0,24.0,Friday,2.615
98,2020-05-23,-51.0,-17.0,49.0,-51.0,-32.0,11.0,Saturday,2.615
99,2020-05-24,-41.0,-17.0,71.0,-54.0,-32.0,8.0,Sunday,2.615
100,2020-05-25,-50.0,-19.0,-1.0,-71.0,-81.0,27.0,Monday,2.615
101,2020-05-26,-41.0,-14.0,56.0,-60.0,-60.0,23.0,Tuesday,2.591
102,2020-05-27,-40.0,-12.0,103.0,-58.0,-59.0,22.0,Wednesday,2.591
103,2020-05-28,-42.0,-13.0,74.0,-61.0,-58.0,23.0,Thursday,2.591
104,2020-05-29,-44.0,-12.0,83.0,-58.0,-57.0,22.0,Friday,2.591
105,2020-05-30,-57.0,-27.0,-43.0,-53.0,-29.0,15.0,Saturday,2.591
106,2020-05-31,-45.0,-20.0,4.0,-53.0,-26.0,11.0,Sunday,2.591
107,2020-06-01,-41.0,-16.0,45.0,-58.0,-58.0,22.0,Monday,2.591
108,2020-06-02,-41.0,-12.0,36.0,-59.0,-59.0,24.0,Tuesday,2.638
109,2020-06-03,-40.0,-11.0,67.0,-58.0,-58.0,22.0,Wednesday,2.638
110,2020-06-04,-41.0,-11.0,59.0,-60.0,-58.0,23.0,Thursday,2.638
111,2020-06-05,-42.0,-11.0,47.0,-58.0,-57.0,22.0,Friday,2.638
112,2020-06-06,-46.0,-14.0,45.0,-47.0,-24.0,10.0,Saturday,2.638
113,2020-06-07,-40.0,-16.0,37.0,-52.0,-24.0,9.0,Sunday,2.638
114,2020-06-08,-37.0,-15.0,33.0,-58.0,-56.0,21.0,Monday,2.638
115,2020-06-09,-39.0,-15.0,3.0,-61.0,-58.0,24.0,Tuesday,2.68
116,2020-06-10,-35.0,-11.0,93.0,-55.0,-57.0,21.0,Wednesday,2.68
117,2020-06-11,-37.0,-13.0,59.0,-57.0,-57.0,22.0,Thursday,2.68
118,2020-06-12,-40.0,-13.0,44.0,-54.0,-57.0,22.0,Friday,2.68
119,2020-06-13,-43.0,-15.0,33.0,-42.0,-21.0,10.0,Saturday,2.68
120,2020-06-14,-33.0,-17.0,76.0,-44.0,-20.0,7.0,Sunday,2.68
121,2020-06-15,-35.0,-16.0,6.0,-56.0,-57.0,21.0,Monday,2.68
122,2020-06-16,-31.0,-10.0,77.0,-53.0,-57.0,21.0,Tuesday,2.729
123,2020-06-17,-31.0,-9.0,107.0,-52.0,-56.0,20.0,Wednesday,2.729
124,2020-06-18,-29.0,-7.0,106.0,-54.0,-56.0,19.0,Thursday,2.729
125,2020-06-19,-32.0,-8.0,95.0,-51.0,-56.0,17.0,Friday,2.729
126,2020-06-20,-39.0,-11.0,46.0,-42.0,-20.0,7.0,Saturday,2.729
127,2020-06-21,-31.0,-14.0,62.0,-44.0,-18.0,4.0,Sunday,2.729
128,2020-06-22,-29.0,-13.0,92.0,-53.0,-57.0,18.0,Monday,2.729
129,2020-06-23,-28.0,-10.0,113.0,-52.0,-58.0,19.0,Tuesday,2.764
130,2020-06-24,-30.0,-10.0,89.0,-52.0,-56.0,19.0,Wednesday,2.764
131,2020-06-25,-29.0,-8.0,103.0,-52.0,-56.0,19.0,Thursday,2.764
132,2020-06-26,-33.0,-11.0,86.0,-51.0,-56.0,18.0,Friday,2.764
133,2020-06-27,-42.0,-18.0,-1.0,-43.0,-22.0,8.0,Saturday,2.764
134,2020-06-28,-30.0,-16.0,52.0,-43.0,-17.0,6.0,Sunday,2.764
135,2020-06-29,-27.0,-13.0,63.0,-54.0,-55.0,18.0,Monday,2.764
136,2020-06-30,-27.0,-11.0,37.0,-55.0,-56.0,20.0,Tuesday,2.753
137,2020-07-01,-27.0,-8.0,42.0,-52.0,-56.0,19.0,Wednesday,2.753
138,2020-07-02,-23.0,-2.0,50.0,-52.0,-57.0,18.0,Thursday,2.753
139,2020-07-03,-29.0,-1.0,73.0,-56.0,-70.0,19.0,Friday,2.753
140,2020-07-04,-55.0,-18.0,71.0,-47.0,-33.0,6.0,Saturday,2.753
141,2020-07-05,-32.0,-22.0,72.0,-43.0,-22.0,3.0,Sunday,2.753
142,2020-07-06,-26.0,-11.0,62.0,-52.0,-58.0,17.0,Monday,2.753
143,2020-07-07,-27.0,-10.0,53.0,-52.0,-58.0,20.0,Tuesday,2.776
144,2020-07-08,-27.0,-9.0,92.0,-51.0,-56.0,19.0,Wednesday,2.776
145,2020-07-09,-28.0,-10.0,53.0,-54.0,-56.0,20.0,Thursday,2.776
146,2020-07-10,-30.0,-9.0,87.0,-52.0,-55.0,18.0,Friday,2.776
147,2020-07-11,-37.0,-15.0,60.0,-39.0,-19.0,6.0,Saturday,2.776
148,2020-07-12,-27.0,-15.0,52.0,-43.0,-19.0,6.0,Sunday,2.776
149,2020-07-13,-25.0,-11.0,81.0,-53.0,-56.0,17.0,Monday,2.776
150,2020-07-14,-24.0,-8.0,122.0,-51.0,-57.0,19.0,Tuesday,2.839
151,2020-07-15,-25.0,-7.0,132.0,-51.0,-56.0,18.0,Wednesday,2.839
152,2020-07-16,-26.0,-8.0,73.0,-54.0,-56.0,19.0,Thursday,2.839
153,2020-07-17,-31.0,-10.0,46.0,-53.0,-56.0,18.0,Friday,2.839
154,2020-07-18,-35.0,-12.0,109.0,-36.0,-18.0,4.0,Saturday,2.839
155,2020-07-19,-25.0,-13.0,99.0,-41.0,-19.0,3.0,Sunday,2.839
156,2020-07-20,-25.0,-9.0,91.0,-53.0,-57.0,17.0,Monday,2.839
157,2020-07-21,-23.0,-7.0,122.0,-53.0,-57.0,18.0,Tuesday,2.837
158,2020-07-22,-27.0,-11.0,74.0,-53.0,-56.0,18.0,Wednesday,2.837
159,2020-07-23,-27.0,-11.0,60.0,-54.0,-56.0,19.0,Thursday,2.837
160,2020-07-24,-30.0,-11.0,58.0,-53.0,-55.0,18.0,Friday,2.837
161,2020-07-25,-34.0,-12.0,103.0,-37.0,-19.0,5.0,Saturday,2.837
162,2020-07-26,-24.0,-13.0,99.0,-40.0,-18.0,3.0,Sunday,2.837
163,2020-07-27,-24.0,-9.0,94.0,-53.0,-57.0,16.0,Monday,2.837
164,2020-07-28,-24.0,-8.0,106.0,-52.0,-57.0,18.0,Tuesday,2.832
165,2020-07-29,-25.0,-9.0,112.0,-53.0,-56.0,17.0,Wednesday,2.832
166,2020-07-30,-26.0,-7.0,89.0,-55.0,-56.0,18.0,Thursday,2.832
167,2020-07-31,-28.0,-7.0,84.0,-52.0,-56.0,17.0,Friday,2.832
168,2020-08-01,-35.0,-12.0,79.0,-38.0,-20.0,5.0,Saturday,2.832
169,2020-08-02,-24.0,-12.0,86.0,-41.0,-19.0,3.0,Sunday,2.832
170,2020-08-03,-24.0,-9.0,64.0,-53.0,-57.0,17.0,Monday,2.832
171,2020-08-04,-21.0,-5.0,110.0,-52.0,-57.0,18.0,Tuesday,2.836
172,2020-08-05,-25.0,-8.0,109.0,-52.0,-56.0,17.0,Wednesday,2.836
173,2020-08-06,-29.0,-11.0,20.0,-55.0,-57.0,20.0,Thursday,2.836
174,2020-08-07,-29.0,-10.0,69.0,-53.0,-56.0,17.0,Friday,2.836
175,2020-08-08,-36.0,-15.0,41.0,-40.0,-21.0,6.0,Saturday,2.836
176,2020-08-09,-23.0,-14.0,94.0,-40.0,-18.0,3.0,Sunday,2.836
177,2020-08-10,-25.0,-11.0,74.0,-53.0,-57.0,16.0,Monday,2.836
178,2020-08-11,-24.0,-9.0,85.0,-53.0,-58.0,18.0,Tuesday,2.844
179,2020-08-12,-26.0,-11.0,77.0,-53.0,-56.0,18.0,Wednesday,2.844
180,2020-08-13,-26.0,-10.0,76.0,-54.0,-57.0,18.0,Thursday,2.844
181,2020-08-14,-29.0,-10.0,79.0,-51.0,-56.0,16.0,Friday,2.844
182,2020-08-15,-35.0,-13.0,86.0,-37.0,-20.0,4.0,Saturday,2.844
183,2020-08-16,-27.0,-15.0,83.0,-41.0,-20.0,2.0,Sunday,2.844
184,2020-08-17,-26.0,-12.0,62.0,-54.0,-57.0,16.0,Monday,2.844
185,2020-08-18,-25.0,-11.0,82.0,-53.0,-57.0,18.0,Tuesday,2.858
186,2020-08-19,-27.0,-11.0,85.0,-54.0,-56.0,17.0,Wednesday,2.858
187,2020-08-20,-27.0,-11.0,55.0,-54.0,-56.0,18.0,Thursday,2.858
188,2020-08-21,-31.0,-13.0,21.0,-54.0,-56.0,18.0,Friday,2.858
189,2020-08-22,-35.0,-15.0,69.0,-38.0,-19.0,5.0,Saturday,2.858
190,2020-08-23,-25.0,-17.0,72.0,-40.0,-18.0,3.0,Sunday,2.858
191,2020-08-24,-26.0,-13.0,52.0,-54.0,-56.0,16.0,Monday,2.858
192,2020-08-25,-24.0,-11.0,88.0,-53.0,-57.0,18.0,Tuesday,2.868
193,2020-08-26,-26.0,-11.0,88.0,-54.0,-56.0,17.0,Wednesday,2.868
194,2020-08-27,-26.0,-11.0,77.0,-53.0,-55.0,17.0,Thursday,2.868
195,2020-08-28,-28.0,-11.0,78.0,-52.0,-55.0,16.0,Friday,2.868
196,2020-08-29,-35.0,-16.0,63.0,-39.0,-19.0,5.0,Saturday,2.868
197,2020-08-30,-22.0,-16.0,66.0,-40.0,-16.0,3.0,Sunday,2.868
198,2020-08-31,-24.0,-13.0,44.0,-54.0,-56.0,16.0,Monday,2.868
199,2020-09-01,-21.0,-8.0,89.0,-51.0,-56.0,17.0,Tuesday,2.868
200,2020-09-02,-24.0,-9.0,86.0,-53.0,-56.0,17.0,Wednesday,2.868
201,2020-09-03,-24.0,-8.0,71.0,-50.0,-56.0,17.0,Thursday,2.868
202,2020-09-04,-26.0,-8.0,69.0,-49.0,-56.0,16.0,Friday,2.868
203,2020-09-05,-34.0,-16.0,56.0,-39.0,-22.0,4.0,Saturday,2.868
204,2020-09-06,-22.0,-16.0,76.0,-41.0,-18.0,2.0,Sunday,2.868
205,2020-09-07,-26.0,-11.0,107.0,-59.0,-78.0,18.0,Monday,2.868
206,2020-09-08,-25.0,-11.0,40.0,-50.0,-58.0,18.0,Tuesday,2.857
207,2020-09-09,-27.0,-12.0,57.0,-54.0,-56.0,18.0,Wednesday,2.857
208,2020-09-10,-28.0,-10.0,53.0,-53.0,-55.0,18.0,Thursday,2.857
209,2020-09-11,-33.0,-15.0,6.0,-55.0,-55.0,19.0,Friday,2.857
210,2020-09-12,-41.0,-20.0,-26.0,-46.0,-22.0,10.0,Saturday,2.857
211,2020-09-13,-33.0,-22.0,-31.0,-47.0,-19.0,8.0,Sunday,2.857
212,2020-09-14,-30.0,-17.0,-16.0,-56.0,-54.0,19.0,Monday,2.857
213,2020-09-15,-28.0,-14.0,0.0,-56.0,-55.0,21.0,Tuesday,2.851
214,2020-09-16,-29.0,-16.0,6.0,-56.0,-55.0,19.0,Wednesday,2.851
215,2020-09-17,-30.0,-15.0,3.0,-55.0,-55.0,20.0,Thursday,2.851
216,2020-09-18,-31.0,-15.0,-9.0,-56.0,-53.0,19.0,Friday,2.851
217,2020-09-19,-31.0,-14.0,24.0,-41.0,-16.0,6.0,Saturday,2.851
218,2020-09-20,-23.0,-16.0,48.0,-42.0,-11.0,5.0,Sunday,2.851
219,2020-09-21,-28.0,-17.0,27.0,-55.0,-54.0,17.0,Monday,2.851
220,2020-09-22,-25.0,-13.0,24.0,-54.0,-54.0,18.0,Tuesday,2.831
221,2020-09-23,-32.0,-18.0,-37.0,-58.0,-54.0,20.0,Wednesday,2.831
222,2020-09-24,-30.0,-14.0,-26.0,-55.0,-54.0,20.0,Thursday,2.831
223,2020-09-25,-30.0,-14.0,-28.0,-56.0,-53.0,19.0,Friday,2.831
224,2020-09-26,-30.0,-13.0,-7.0,-41.0,-15.0,7.0,Saturday,2.831
225,2020-09-27,-22.0,-17.0,21.0,-41.0,-11.0,5.0,Sunday,2.831
226,2020-09-28,-26.0,-16.0,6.0,-54.0,-53.0,17.0,Monday,2.831
227,2020-09-29,-25.0,-14.0,20.0,-54.0,-53.0,18.0,Tuesday,2.827
228,2020-09-30,-26.0,-13.0,15.0,-54.0,-54.0,17.0,Wednesday,2.827
229,2020-10-01,-26.0,-10.0,3.0,-54.0,-52.0,18.0,Thursday,2.827
230,2020-10-02,-28.0,-12.0,34.0,-54.0,-51.0,17.0,Friday,2.827
231,2020-10-03,-31.0,-14.0,22.0,-41.0,-15.0,6.0,Saturday,2.827
232,2020-10-04,-26.0,-18.0,1.0,-46.0,-14.0,6.0,Sunday,2.827
233,2020-10-05,-28.0,-14.0,23.0,-56.0,-53.0,17.0,Monday,2.827
234,2020-10-06,-26.0,-12.0,51.0,-56.0,-53.0,18.0,Tuesday,2.815
235,2020-10-07,-29.0,-15.0,32.0,-57.0,-53.0,18.0,Wednesday,2.815
236,2020-10-08,-30.0,-15.0,21.0,-55.0,-53.0,19.0,Thursday,2.815
237,2020-10-09,-29.0,-13.0,25.0,-54.0,-52.0,18.0,Friday,2.815
238,2020-10-10,-32.0,-14.0,7.0,-43.0,-15.0,8.0,Saturday,2.815
239,2020-10-11,-29.0,-21.0,-32.0,-47.0,-13.0,8.0,Sunday,2.815
240,2020-10-12,-29.0,-16.0,17.0,-55.0,-54.0,18.0,Monday,2.815
241,2020-10-13,-28.0,-16.0,12.0,-56.0,-54.0,20.0,Tuesday,2.794
242,2020-10-14,-28.0,-14.0,34.0,-55.0,-53.0,18.0,Wednesday,2.794
243,2020-10-15,-29.0,-14.0,29.0,-54.0,-53.0,19.0,Thursday,2.794
244,2020-10-16,-29.0,-14.0,-3.0,-55.0,-52.0,19.0,Friday,2.794
245,2020-10-17,-31.0,-14.0,16.0,-39.0,-15.0,6.0,Saturday,2.794
246,2020-10-18,-25.0,-18.0,-14.0,-43.0,-13.0,7.0,Sunday,2.794
247,2020-10-19,-31.0,-18.0,-16.0,-56.0,-53.0,18.0,Monday,2.794
248,2020-10-20,-26.0,-13.0,36.0,-55.0,-53.0,19.0,Tuesday,2.779
249,2020-10-21,-29.0,-15.0,12.0,-57.0,-53.0,19.0,Wednesday,2.779
250,2020-10-22,-30.0,-15.0,21.0,-54.0,-52.0,19.0,Thursday,2.779
251,2020-10-23,-31.0,-15.0,-18.0,-56.0,-52.0,20.0,Friday,2.779
252,2020-10-24,-30.0,-13.0,20.0,-41.0,-14.0,6.0,Saturday,2.779
253,2020-10-25,-23.0,-17.0,21.0,-42.0,-12.0,6.0,Sunday,2.779
254,2020-10-26,-30.0,-17.0,0.0,-55.0,-53.0,18.0,Monday,2.779
255,2020-10-27,-27.0,-14.0,29.0,-55.0,-53.0,19.0,Tuesday,2.778
256,2020-10-28,-28.0,-15.0,26.0,-57.0,-52.0,18.0,Wednesday,2.778
257,2020-10-29,-29.0,-14.0,16.0,-57.0,-52.0,19.0,Thursday,2.778
258,2020-10-30,-27.0,-10.0,12.0,-57.0,-51.0,18.0,Friday,2.778
259,2020-10-31,-30.0,-7.0,42.0,-42.0,-12.0,5.0,Saturday,2.778
260,2020-11-01,-24.0,-19.0,29.0,-43.0,-12.0,6.0,Sunday,2.778
261,2020-11-02,-28.0,-15.0,12.0,-57.0,-52.0,18.0,Monday,2.778
262,2020-11-03,-31.0,-16.0,-25.0,-60.0,-54.0,21.0,Tuesday,2.779
263,2020-11-04,-34.0,-20.0,-9.0,-61.0,-54.0,20.0,Wednesday,2.779
264,2020-11-05,-35.0,-20.0,-26.0,-60.0,-53.0,21.0,Thursday,2.779
265,2020-11-06,-30.0,-16.0,-3.0,-58.0,-51.0,20.0,Friday,2.779
266,2020-11-07,-31.0,-17.0,-3.0,-46.0,-13.0,8.0,Saturday,2.779
267,2020-11-08,-24.0,-21.0,20.0,-47.0,-12.0,7.0,Sunday,2.779
268,2020-11-09,-32.0,-20.0,-23.0,-60.0,-53.0,19.0,Monday,2.779
269,2020-11-10,-30.0,-16.0,-12.0,-59.0,-54.0,21.0,Tuesday,2.8
270,2020-11-11,-25.0,-14.0,16.0,-60.0,-58.0,20.0,Wednesday,2.8
271,2020-11-12,-33.0,-18.0,-18.0,-60.0,-53.0,21.0,Thursday,2.8
272,2020-11-13,-32.0,-16.0,-4.0,-59.0,-52.0,21.0,Friday,2.8
273,2020-11-14,-35.0,-18.0,-15.0,-48.0,-15.0,9.0,Saturday,2.8
274,2020-11-15,-28.0,-17.0,-13.0,-49.0,-12.0,8.0,Sunday,2.8
275,2020-11-16,-35.0,-20.0,-39.0,-61.0,-54.0,20.0,Monday,2.8
276,2020-11-17,-36.0,-21.0,-19.0,-62.0,-55.0,22.0,Tuesday,2.812
277,2020-11-18,-40.0,-20.0,-23.0,-62.0,-56.0,22.0,Wednesday,2.812
278,2020-11-19,-40.0,-20.0,-13.0,-62.0,-56.0,22.0,Thursday,2.812
279,2020-11-20,-39.0,-16.0,-13.0,-59.0,-54.0,22.0,Friday,2.812
280,2020-11-21,-39.0,-18.0,36.0,-45.0,-17.0,9.0,Saturday,2.812
281,2020-11-22,-36.0,-22.0,-27.0,-53.0,-18.0,10.0,Sunday,2.812
282,2020-11-23,-34.0,-14.0,-24.0,-61.0,-55.0,20.0,Monday,2.812
283,2020-11-24,-32.0,-7.0,-20.0,-59.0,-56.0,21.0,Tuesday,2.81
284,2020-11-25,-24.0,12.0,4.0,-58.0,-58.0,19.0,Wednesday,2.81
285,2020-11-26,-75.0,-32.0,-15.0,-78.0,-85.0,29.0,Thursday,2.81
286,2020-11-27,-42.0,-28.0,31.0,-69.0,-72.0,25.0,Friday,2.81
287,2020-11-28,-46.0,-28.0,-14.0,-51.0,-23.0,11.0,Saturday,2.81
288,2020-11-29,-36.0,-26.0,2.0,-50.0,-18.0,9.0,Sunday,2.81
289,2020-11-30,-36.0,-21.0,-13.0,-60.0,-55.0,20.0,Monday,2.81
290,2020-12-01,-33.0,-16.0,6.0,-59.0,-55.0,21.0,Tuesday,2.812
291,2020-12-02,-35.0,-17.0,19.0,-61.0,-55.0,21.0,Wednesday,2.812
292,2020-12-03,-37.0,-17.0,-9.0,-62.0,-55.0,22.0,Thursday,2.812
293,2020-12-04,-36.0,-16.0,9.0,-62.0,-53.0,21.0,Friday,2.812
294,2020-12-05,-36.0,-15.0,34.0,-49.0,-15.0,9.0,Saturday,2.812
295,2020-12-06,-34.0,-20.0,-8.0,-55.0,-15.0,9.0,Sunday,2.812
296,2020-12-07,-36.0,-19.0,-15.0,-64.0,-55.0,20.0,Monday,2.812
297,2020-12-08,-38.0,-20.0,-29.0,-65.0,-55.0,22.0,Tuesday,2.774
298,2020-12-09,-36.0,-16.0,-7.0,-64.0,-55.0,21.0,Wednesday,2.774
299,2020-12-10,-37.0,-18.0,-13.0,-64.0,-55.0,22.0,Thursday,2.774
300,2020-12-11,-36.0,-16.0,-9.0,-63.0,-53.0,22.0,Friday,2.774
301,2020-12-12,-36.0,-16.0,20.0,-50.0,-17.0,9.0,Saturday,2.774
302,2020-12-13,-36.0,-22.0,-36.0,-55.0,-17.0,10.0,Sunday,2.774
303,2020-12-14,-35.0,-18.0,-22.0,-63.0,-55.0,20.0,Monday,2.774
304,2020-12-15,-34.0,-16.0,-20.0,-63.0,-56.0,22.0,Tuesday,2.781
305,2020-12-16,-35.0,-18.0,-23.0,-62.0,-55.0,21.0,Wednesday,2.781
306,2020-12-17,-33.0,-14.0,-8.0,-60.0,-55.0,21.0,Thursday,2.781
307,2020-12-18,-35.0,-14.0,-24.0,-59.0,-53.0,21.0,Friday,2.781
308,2020-12-19,-38.0,-16.0,-25.0,-44.0,-17.0,10.0,Saturday,2.781
309,2020-12-20,-30.0,-18.0,-14.0,-46.0,-12.0,8.0,Sunday,2.781
310,2020-12-21,-31.0,-15.0,-41.0,-62.0,-56.0,19.0,Monday,2.781
311,2020-12-22,-18.0,2.0,20.0,-56.0,-57.0,19.0,Tuesday,2.789
312,2020-12-23,-16.0,13.0,22.0,-55.0,-57.0,17.0,Wednesday,2.789
313,2020-12-24,-30.0,15.0,10.0,-64.0,-70.0,21.0,Thursday,2.789
314,2020-12-25,-84.0,-62.0,-37.0,-79.0,-87.0,31.0,Friday,2.789
315,2020-12-26,-50.0,-30.0,-19.0,-50.0,-27.0,11.0,Saturday,2.789
316,2020-12-27,-41.0,-31.0,-14.0,-46.0,-17.0,9.0,Sunday,2.789
317,2020-12-28,-30.0,-17.0,23.0,-58.0,-60.0,19.0,Monday,2.789
318,2020-12-29,-30.0,-15.0,2.0,-60.0,-60.0,21.0,Tuesday,2.798
319,2020-12-30,-31.0,-10.0,-17.0,-61.0,-60.0,21.0,Wednesday,2.798
320,2020-12-31,-28.0,9.0,2.0,-63.0,-64.0,20.0,Thursday,2.798
321,2021-01-01,-60.0,-41.0,-20.0,-74.0,-81.0,31.0,Friday,2.798
322,2021-01-02,-48.0,-29.0,-49.0,-48.0,-26.0,13.0,Saturday,2.798
323,2021-01-03,-40.0,-27.0,-23.0,-44.0,-17.0,10.0,Sunday,2.798
324,2021-01-04,-39.0,-21.0,-36.0,-60.0,-55.0,21.0,Monday,2.798
325,2021-01-05,-39.0,-20.0,-30.0,-61.0,-56.0,23.0,Tuesday,2.829
326,2021-01-06,-39.0,-20.0,3.0,-62.0,-55.0,22.0,Wednesday,2.829
327,2021-01-07,-40.0,-20.0,-4.0,-63.0,-55.0,22.0,Thursday,2.829
328,2021-01-08,-42.0,-21.0,-31.0,-64.0,-54.0,23.0,Friday,2.829
329,2021-01-09,-44.0,-23.0,3.0,-52.0,-19.0,10.0,Saturday,2.829
330,2021-01-10,-34.0,-23.0,-8.0,-53.0,-16.0,9.0,Sunday,2.829
331,2021-01-11,-43.0,-26.0,-44.0,-66.0,-55.0,21.0,Monday,2.829
332,2021-01-12,-40.0,-22.0,-25.0,-65.0,-56.0,23.0,Tuesday,2.876
333,2021-01-13,-32.0,-18.0,25.0,-63.0,-56.0,19.0,Wednesday,2.876
334,2021-01-14,-39.0,-21.0,6.0,-63.0,-55.0,20.0,Thursday,2.876
335,2021-01-15,-40.0,-20.0,-4.0,-62.0,-54.0,21.0,Friday,2.876
336,2021-01-16,-41.0,-23.0,7.0,-51.0,-19.0,9.0,Saturday,2.876
337,2021-01-17,-35.0,-25.0,1.0,-55.0,-17.0,8.0,Sunday,2.876
338,2021-01-18,-32.0,-19.0,33.0,-64.0,-63.0,19.0,Monday,2.876
339,2021-01-19,-39.0,-21.0,-1.0,-63.0,-55.0,21.0,Tuesday,2.886
340,2021-01-20,-40.0,-24.0,-2.0,-65.0,-56.0,21.0,Wednesday,2.886
341,2021-01-21,-42.0,-23.0,-19.0,-65.0,-55.0,22.0,Thursday,2.886
342,2021-01-22,-39.0,-19.0,6.0,-64.0,-53.0,21.0,Friday,2.886
343,2021-01-23,-39.0,-21.0,31.0,-52.0,-19.0,8.0,Saturday,2.886
344,2021-01-24,-40.0,-27.0,-43.0,-57.0,-18.0,10.0,Sunday,2.886
345,2021-01-25,-40.0,-25.0,-12.0,-64.0,-55.0,20.0,Monday,2.886
346,2021-01-26,-39.0,-23.0,-10.0,-65.0,-55.0,22.0,Tuesday,2.904
347,2021-01-27,-40.0,-23.0,-1.0,-66.0,-55.0,21.0,Wednesday,2.904
348,2021-01-28,-40.0,-23.0,-15.0,-65.0,-55.0,22.0,Thursday,2.904
349,2021-01-29,-39.0,-21.0,-3.0,-63.0,-53.0,21.0,Friday,2.904
350,2021-01-30,-40.0,-21.0,-14.0,-53.0,-19.0,10.0,Saturday,2.904
351,2021-01-31,-35.0,-23.0,-32.0,-54.0,-17.0,9.0,Sunday,2.904
352,2021-02-01,-39.0,-24.0,-39.0,-65.0,-55.0,20.0,Monday,2.904
353,2021-02-02,-38.0,-22.0,-23.0,-65.0,-55.0,22.0,Tuesday,2.965
354,2021-02-03,-35.0,-20.0,15.0,-64.0,-54.0,20.0,Wednesday,2.965
355,2021-02-04,-39.0,-22.0,-30.0,-64.0,-55.0,22.0,Thursday,2.965
356,2021-02-05,-36.0,-19.0,-12.0,-62.0,-53.0,20.0,Friday,2.965
357,2021-02-06,-37.0,-19.0,-9.0,-52.0,-17.0,9.0,Saturday,2.965
358,2021-02-07,-35.0,-21.0,0.0,-55.0,-15.0,7.0,Sunday,2.965
359,2021-02-08,-38.0,-23.0,-11.0,-63.0,-55.0,19.0,Monday,2.965
360,2021-02-09,-34.0,-18.0,9.0,-63.0,-55.0,20.0,Tuesday,2.991
361,2021-02-10,-33.0,-13.0,2.0,-62.0,-54.0,20.0,Wednesday,2.991
362,2021-02-11,-37.0,-12.0,-31.0,-62.0,-55.0,22.0,Thursday,2.991
363,2021-02-12,-40.0,-14.0,-32.0,-60.0,-57.0,23.0,Friday,2.991
364,2021-02-13,-75.0,-49.0,-27.0,-64.0,-59.0,21.0,Saturday,2.991
365,2021-02-14,-60.0,-39.0,-43.0,-58.0,-47.0,16.0,Sunday,2.991
366,2021-02-15,-40.0,-23.0,-54.0,-64.0,-70.0,25.0,Monday,2.991
367,2021-02-16,-33.0,-16.0,-15.0,-60.0,-57.0,21.0,Tuesday,3.065
368,2021-02-17,-33.0,-17.0,1.0,-60.0,-55.0,19.0,Wednesday,3.065
369,2021-02-18,-36.0,-21.0,-29.0,-61.0,-55.0,21.0,Thursday,3.065
370,2021-02-19,-35.0,-18.0,-18.0,-59.0,-54.0,20.0,Friday,3.065
371,2021-02-20,-33.0,-18.0,18.0,-44.0,-17.0,7.0,Saturday,3.065
372,2021-02-21,-28.0,-22.0,-16.0,-46.0,-15.0,7.0,Sunday,3.065
373,2021-02-22,-37.0,-23.0,-26.0,-62.0,-54.0,20.0,Monday,3.065
374,2021-02-23,-34.0,-21.0,-5.0,-61.0,-55.0,21.0,Tuesday,3.159
375,2021-02-24,-32.0,-18.0,16.0,-60.0,-54.0,19.0,Wednesday,3.159
376,2021-02-25,-35.0,-20.0,-20.0,-60.0,-54.0,21.0,Thursday,3.159
377,2021-02-26,-33.0,-17.0,-2.0,-58.0,-52.0,19.0,Friday,3.159
378,2021-02-27,-31.0,-18.0,32.0,-43.0,-17.0,7.0,Saturday,3.159
379,2021-02-28,-25.0,-20.0,2.0,-43.0,-13.0,7.0,Sunday,3.159
380,2021-03-01,-32.0,-19.0,9.0,-58.0,-53.0,18.0,Monday,3.159
381,2021-03-02,-31.0,-16.0,4.0,-60.0,-54.0,20.0,Tuesday,3.219
382,2021-03-03,-28.0,-14.0,52.0,-58.0,-54.0,18.0,Wednesday,3.219
383,2021-03-04,-34.0,-18.0,-18.0,-58.0,-54.0,20.0,Thursday,3.219
384,2021-03-05,-33.0,-16.0,-21.0,-58.0,-53.0,20.0,Friday,3.219
385,2021-03-06,-30.0,-16.0,24.0,-43.0,-18.0,7.0,Saturday,3.219
386,2021-03-07,-25.0,-19.0,-15.0,-45.0,-15.0,7.0,Sunday,3.219
387,2021-03-08,-32.0,-17.0,2.0,-59.0,-54.0,18.0,Monday,3.219
388,2021-03-09,-30.0,-17.0,13.0,-59.0,-54.0,20.0,Tuesday,3.305
389,2021-03-10,-28.0,-16.0,38.0,-58.0,-54.0,18.0,Wednesday,3.305
390,2021-03-11,-30.0,-17.0,31.0,-57.0,-54.0,19.0,Thursday,3.305
391,2021-03-12,-28.0,-15.0,38.0,-55.0,-53.0,18.0,Friday,3.305
392,2021-03-13,-27.0,-15.0,65.0,-37.0,-18.0,5.0,Saturday,3.305
393,2021-03-14,-27.0,-22.0,-36.0,-44.0,-16.0,8.0,Sunday,3.305
394,2021-03-15,-30.0,-17.0,2.0,-58.0,-54.0,18.0,Monday,3.305
395,2021-03-16,-26.0,-13.0,44.0,-56.0,-54.0,19.0,Tuesday,3.382
396,2021-03-17,-23.0,-11.0,50.0,-56.0,-53.0,17.0,Wednesday,3.382
397,2021-03-18,-30.0,-17.0,-17.0,-56.0,-54.0,20.0,Thursday,3.382
398,2021-03-19,-28.0,-14.0,4.0,-54.0,-52.0,18.0,Friday,3.382
399,2021-03-20,-28.0,-16.0,4.0,-38.0,-17.0,7.0,Saturday,3.382
400,2021-03-21,-22.0,-20.0,-26.0,-39.0,-14.0,7.0,Sunday,3.382
401,2021-03-22,-28.0,-16.0,3.0,-55.0,-53.0,17.0,Monday,3.382
402,2021-03-23,-25.0,-14.0,42.0,-55.0,-54.0,18.0,Tuesday,3.409
403,2021-03-24,-28.0,-16.0,-9.0,-56.0,-54.0,19.0,Wednesday,3.409
404,2021-03-25,-26.0,-13.0,23.0,-54.0,-54.0,18.0,Thursday,3.409
405,2021-03-26,-26.0,-13.0,22.0,-52.0,-52.0,17.0,Friday,3.409
406,2021-03-27,-26.0,-15.0,57.0,-34.0,-16.0,5.0,Saturday,3.409
407,2021-03-28,-25.0,-22.0,-34.0,-41.0,-15.0,7.0,Sunday,3.409
408,2021-03-29,-26.0,-15.0,21.0,-54.0,-53.0,17.0,Monday,3.409
409,2021-03-30,-23.0,-12.0,56.0,-53.0,-53.0,18.0,Tuesday,3.419
410,2021-03-31,-21.0,-10.0,67.0,-52.0,-53.0,16.0,Wednesday,3.419
411,2021-04-01,-24.0,-9.0,29.0,-51.0,-53.0,17.0,Thursday,3.419
412,2021-04-02,-23.0,-7.0,35.0,-51.0,-52.0,16.0,Friday,3.419
413,2021-04-03,-25.0,-6.0,49.0,-33.0,-16.0,4.0,Saturday,3.419
414,2021-04-04,-34.0,-15.0,3.0,-39.0,-18.0,5.0,Sunday,3.419
415,2021-04-05,-21.0,-13.0,44.0,-51.0,-55.0,15.0,Monday,3.419
416,2021-04-06,-20.0,-11.0,69.0,-51.0,-55.0,17.0,Tuesday,3.42
417,2021-04-07,-25.0,-14.0,-3.0,-54.0,-55.0,17.0,Wednesday,3.42
418,2021-04-08,-23.0,-12.0,41.0,-51.0,-54.0,17.0,Thursday,3.42
419,2021-04-09,-26.0,-13.0,7.0,-51.0,-53.0,17.0,Friday,3.42
420,2021-04-10,-26.0,-15.0,37.0,-31.0,-17.0,5.0,Saturday,3.42
421,2021-04-11,-15.0,-15.0,55.0,-31.0,-13.0,3.0,Sunday,3.42
422,2021-04-12,-25.0,-14.0,32.0,-52.0,-54.0,16.0,Monday,3.42
423,2021-04-13,-23.0,-12.0,58.0,-53.0,-54.0,17.0,Tuesday,3.437
424,2021-04-14,-23.0,-11.0,67.0,-53.0,-54.0,16.0,Wednesday,3.437
425,2021-04-15,-24.0,-10.0,62.0,-50.0,-54.0,16.0,Thursday,3.437
426,2021-04-16,-24.0,-10.0,70.0,-48.0,-53.0,14.0,Friday,3.437
427,2021-04-17,-26.0,-11.0,98.0,-29.0,-18.0,2.0,Saturday,3.437
428,2021-04-18,-14.0,-11.0,77.0,-29.0,-12.0,2.0,Sunday,3.437
429,2021-04-19,-24.0,-12.0,38.0,-51.0,-53.0,15.0,Monday,3.437
430,2021-04-20,-20.0,-8.0,69.0,-51.0,-53.0,16.0,Tuesday,3.455
431,2021-04-21,-22.0,-10.0,71.0,-51.0,-54.0,16.0,Wednesday,3.455
432,2021-04-22,-25.0,-11.0,36.0,-51.0,-53.0,17.0,Thursday,3.455
433,2021-04-23,-25.0,-11.0,34.0,-49.0,-51.0,16.0,Friday,3.455
434,2021-04-24,-29.0,-17.0,-19.0,-36.0,-20.0,7.0,Saturday,3.455
435,2021-04-25,-16.0,-15.0,22.0,-33.0,-12.0,5.0,Sunday,3.455
436,2021-04-26,-25.0,-13.0,31.0,-51.0,-52.0,16.0,Monday,3.455
437,2021-04-27,-23.0,-11.0,44.0,-52.0,-52.0,17.0,Tuesday,3.5
438,2021-04-28,-23.0,-11.0,47.0,-52.0,-53.0,17.0,Wednesday,3.5
439,2021-04-29,-23.0,-8.0,56.0,-49.0,-52.0,16.0,Thursday,3.5
440,2021-04-30,-23.0,-9.0,27.0,-48.0,-51.0,16.0,Friday,3.5
441,2021-05-01,-26.0,-11.0,34.0,-28.0,-17.0,5.0,Saturday,3.5
442,2021-05-02,-14.0,-12.0,55.0,-30.0,-12.0,3.0,Sunday,3.5
443,2021-05-03,-26.0,-13.0,-12.0,-51.0,-52.0,16.0,Monday,3.5
444,2021-05-04,-20.0,-6.0,56.0,-50.0,-52.0,17.0,Tuesday,3.532
445,2021-05-05,-20.0,-6.0,58.0,-50.0,-53.0,16.0,Wednesday,3.532
446,2021-05-06,-25.0,-9.0,18.0,-50.0,-52.0,17.0,Thursday,3.532
447,2021-05-07,-25.0,-8.0,12.0,-48.0,-50.0,16.0,Friday,3.532
448,2021-05-08,-23.0,-3.0,46.0,-30.0,-17.0,4.0,Saturday,3.532
449,2021-05-09,-10.0,-3.0,49.0,-29.0,-11.0,2.0,Sunday,3.532
450,2021-05-10,-23.0,-12.0,40.0,-49.0,-51.0,15.0,Monday,3.532
451,2021-05-11,-20.0,-8.0,72.0,-48.0,-52.0,16.0,Tuesday,3.582
452,2021-05-12,-21.0,-8.0,59.0,-48.0,-54.0,16.0,Wednesday,3.582
453,2021-05-13,-20.0,-7.0,64.0,-46.0,-52.0,15.0,Thursday,3.582
454,2021-05-14,-21.0,-6.0,69.0,-43.0,-51.0,14.0,Friday,3.582
455,2021-05-15,-22.0,-10.0,94.0,-21.0,-20.0,2.0,Saturday,3.582
456,2021-05-16,-10.0,-11.0,80.0,-21.0,-10.0,2.0,Sunday,3.582
457,2021-05-17,-24.0,-13.0,1.0,-47.0,-51.0,16.0,Monday,3.582
458,2021-05-18,-20.0,-8.0,31.0,-47.0,-51.0,16.0,Tuesday,3.607
459,2021-05-19,-20.0,-9.0,48.0,-48.0,-53.0,16.0,Wednesday,3.607
460,2021-05-20,-22.0,-8.0,38.0,-47.0,-51.0,16.0,Thursday,3.607
461,2021-05-21,-22.0,-8.0,52.0,-44.0,-50.0,14.0,Friday,3.607
462,2021-05-22,-25.0,-13.0,67.0,-24.0,-17.0,3.0,Saturday,3.607
463,2021-05-23,-15.0,-16.0,17.0,-25.0,-11.0,4.0,Sunday,3.607
464,2021-05-24,-24.0,-13.0,-2.0,-48.0,-51.0,16.0,Monday,3.607
465,2021-05-25,-20.0,-9.0,43.0,-46.0,-50.0,16.0,Tuesday,3.626
466,2021-05-26,-19.0,-8.0,56.0,-44.0,-52.0,15.0,Wednesday,3.626
467,2021-05-27,-21.0,-9.0,-4.0,-44.0,-51.0,16.0,Thursday,3.626
468,2021-05-28,-18.0,-4.0,49.0,-40.0,-51.0,13.0,Friday,3.626
469,2021-05-29,-24.0,-11.0,84.0,-19.0,-19.0,1.0,Saturday,3.626
470,2021-05-30,-10.0,-13.0,61.0,-24.0,-12.0,0.0,Sunday,3.626
471,2021-05-31,-17.0,-5.0,115.0,-48.0,-79.0,15.0,Monday,3.626
472,2021-06-01,-16.0,-2.0,79.0,-39.0,-51.0,14.0,Tuesday,3.665
473,2021-06-02,-16.0,-3.0,88.0,-43.0,-52.0,14.0,Wednesday,3.665
474,2021-06-03,-19.0,-2.0,59.0,-43.0,-50.0,15.0,Thursday,3.665
475,2021-06-04,-20.0,-5.0,54.0,-42.0,-48.0,13.0,Friday,3.665
476,2021-06-05,-22.0,-9.0,45.0,-23.0,-15.0,3.0,Saturday,3.665
477,2021-06-06,-14.0,-13.0,-5.0,-23.0,-9.0,4.0,Sunday,3.665
478,2021-06-07,-19.0,-8.0,31.0,-44.0,-50.0,15.0,Monday,3.665
479,2021-06-08,-16.0,-4.0,56.0,-43.0,-49.0,16.0,Tuesday,3.659
480,2021-06-09,-15.0,-2.0,77.0,-43.0,-51.0,14.0,Wednesday,3.659
481,2021-06-10,-16.0,-1.0,52.0,-41.0,-50.0,14.0,Thursday,3.659
482,2021-06-11,-20.0,-5.0,2.0,-40.0,-49.0,14.0,Friday,3.659
483,2021-06-12,-20.0,-5.0,92.0,-16.0,-16.0,1.0,Saturday,3.659
484,2021-06-13,-15.0,-13.0,-16.0,-21.0,-10.0,4.0,Sunday,3.659
485,2021-06-14,-18.0,-6.0,13.0,-40.0,-50.0,14.0,Monday,3.659
486,2021-06-15,-13.0,-2.0,58.0,-40.0,-49.0,15.0,Tuesday,3.658
487,2021-06-16,-12.0,-1.0,89.0,-40.0,-51.0,13.0,Wednesday,3.658
488,2021-06-17,-13.0,1.0,80.0,-37.0,-51.0,13.0,Thursday,3.658
489,2021-06-18,-14.0,1.0,85.0,-36.0,-51.0,11.0,Friday,3.658
490,2021-06-19,-20.0,-3.0,96.0,-11.0,-17.0,0.0,Saturday,3.658
491,2021-06-20,-6.0,-4.0,82.0,-13.0,-10.0,-2.0,Sunday,3.658
492,2021-06-21,-14.0,-5.0,68.0,-38.0,-53.0,13.0,Monday,3.658
493,2021-06-22,-12.0,-2.0,83.0,-38.0,-52.0,14.0,Tuesday,3.715
494,2021-06-23,-12.0,-3.0,79.0,-38.0,-53.0,13.0,Wednesday,3.715
495,2021-06-24,-14.0,1.0,72.0,-38.0,-53.0,13.0,Thursday,3.715
496,2021-06-25,-16.0,2.0,71.0,-36.0,-52.0,12.0,Friday,3.715
497,2021-06-26,-23.0,-4.0,78.0,-12.0,-18.0,0.0,Saturday,3.715
498,2021-06-27,-8.0,-6.0,56.0,-16.0,-12.0,0.0,Sunday,3.715
499,2021-06-28,-11.0,-3.0,35.0,-42.0,-58.0,8.0,Monday,3.715
500,2021-06-29,-15.0,-7.0,55.0,-41.0,-55.0,11.0,Tuesday,3.761
501,2021-06-30,-12.0,-3.0,62.0,-38.0,-53.0,12.0,Wednesday,3.761
502,2021-07-01,-12.0,0.0,51.0,-34.0,-53.0,13.0,Thursday,3.761
503,2021-07-02,-14.0,1.0,61.0,-32.0,-54.0,11.0,Friday,3.761
504,2021-07-03,-22.0,-2.0,71.0,-10.0,-19.0,0.0,Saturday,3.761
505,2021-07-04,-23.0,-5.0,77.0,-19.0,-22.0,-2.0,Sunday,3.761
506,2021-07-05,-11.0,-6.0,77.0,-42.0,-77.0,14.0,Monday,3.761
507,2021-07-06,-11.0,-1.0,73.0,-34.0,-54.0,13.0,Tuesday,3.824
508,2021-07-07,-11.0,-3.0,68.0,-36.0,-53.0,13.0,Wednesday,3.824
509,2021-07-08,-12.0,-1.0,60.0,-35.0,-53.0,13.0,Thursday,3.824
510,2021-07-09,-14.0,-3.0,79.0,-35.0,-52.0,11.0,Friday,3.824
511,2021-07-10,-18.0,-7.0,90.0,-8.0,-16.0,0.0,Saturday,3.824
512,2021-07-11,-4.0,-7.0,76.0,-10.0,-8.0,0.0,Sunday,3.824
513,2021-07-12,-13.0,-3.0,58.0,-36.0,-53.0,12.0,Monday,3.824
514,2021-07-13,-10.0,-1.0,84.0,-36.0,-53.0,13.0,Tuesday,3.858
515,2021-07-14,-11.0,-2.0,79.0,-37.0,-52.0,12.0,Wednesday,3.858
516,2021-07-15,-11.0,-1.0,65.0,-35.0,-52.0,12.0,Thursday,3.858
517,2021-07-16,-15.0,-4.0,60.0,-35.0,-52.0,12.0,Friday,3.858
518,2021-07-17,-18.0,-7.0,94.0,-9.0,-16.0,0.0,Saturday,3.858
519,2021-07-18,-4.0,-6.0,84.0,-12.0,-9.0,-1.0,Sunday,3.858
520,2021-07-19,-11.0,-3.0,61.0,-37.0,-52.0,12.0,Monday,3.858
521,2021-07-20,-10.0,-2.0,66.0,-36.0,-52.0,13.0,Tuesday,3.873
522,2021-07-21,-11.0,-2.0,79.0,-37.0,-52.0,12.0,Wednesday,3.873
523,2021-07-22,-10.0,0.0,75.0,-35.0,-52.0,12.0,Thursday,3.873
524,2021-07-23,-13.0,-2.0,81.0,-34.0,-51.0,11.0,Friday,3.873
525,2021-07-24,-17.0,-7.0,95.0,-8.0,-15.0,0.0,Saturday,3.873
526,2021-07-25,-2.0,-7.0,80.0,-9.0,-7.0,-1.0,Sunday,3.873
527,2021-07-26,-12.0,-4.0,58.0,-36.0,-52.0,12.0,Monday,3.873
528,2021-07-27,-9.0,-2.0,82.0,-35.0,-51.0,13.0,Tuesday,3.883
529,2021-07-28,-10.0,0.0,84.0,-36.0,-51.0,12.0,Wednesday,3.883
530,2021-07-29,-12.0,1.0,73.0,-36.0,-52.0,12.0,Thursday,3.883
531,2021-07-30,-14.0,-1.0,76.0,-34.0,-51.0,11.0,Friday,3.883
532,2021-07-31,-19.0,-8.0,66.0,-9.0,-16.0,1.0,Saturday,3.883
533,2021-08-01,-6.0,-6.0,64.0,-12.0,-8.0,0.0,Sunday,3.883
534,2021-08-02,-12.0,-2.0,53.0,-37.0,-52.0,12.0,Monday,3.883
535,2021-08-03,-9.0,2.0,77.0,-35.0,-52.0,13.0,Tuesday,3.917
536,2021-08-04,-9.0,-1.0,86.0,-36.0,-52.0,12.0,Wednesday,3.917
537,2021-08-05,-12.0,0.0,68.0,-35.0,-52.0,13.0,Thursday,3.917
538,2021-08-06,-15.0,-4.0,53.0,-35.0,-52.0,12.0,Friday,3.917
539,2021-08-07,-20.0,-9.0,54.0,-9.0,-17.0,2.0,Saturday,3.917
540,2021-08-08,-5.0,-9.0,62.0,-10.0,-9.0,0.0,Sunday,3.917
541,2021-08-09,-13.0,-4.0,53.0,-36.0,-52.0,12.0,Monday,3.917
542,2021-08-10,-8.0,0.0,83.0,-34.0,-52.0,13.0,Tuesday,3.916
543,2021-08-11,-11.0,-1.0,82.0,-36.0,-52.0,13.0,Wednesday,3.916
544,2021-08-12,-13.0,-1.0,60.0,-35.0,-52.0,13.0,Thursday,3.916
545,2021-08-13,-15.0,-4.0,43.0,-34.0,-52.0,12.0,Friday,3.916
546,2021-08-14,-20.0,-9.0,67.0,-8.0,-17.0,1.0,Saturday,3.916
547,2021-08-15,-4.0,-9.0,67.0,-8.0,-10.0,0.0,Sunday,3.916
548,2021-08-16,-15.0,-6.0,33.0,-35.0,-53.0,13.0,Monday,3.916
549,2021-08-17,-12.0,-3.0,57.0,-37.0,-53.0,14.0,Tuesday,3.923
550,2021-08-18,-13.0,-5.0,69.0,-38.0,-51.0,13.0,Wednesday,3.923
551,2021-08-19,-14.0,-2.0,62.0,-36.0,-52.0,13.0,Thursday,3.923
552,2021-08-20,-17.0,-7.0,42.0,-35.0,-52.0,12.0,Friday,3.923
553,2021-08-21,-19.0,-11.0,59.0,-6.0,-17.0,1.0,Saturday,3.923
554,2021-08-22,-9.0,-11.0,39.0,-12.0,-11.0,1.0,Sunday,3.923
555,2021-08-23,-15.0,-7.0,43.0,-38.0,-53.0,12.0,Monday,3.923
556,2021-08-24,-12.0,-4.0,70.0,-39.0,-52.0,13.0,Tuesday,3.93
557,2021-08-25,-13.0,-4.0,67.0,-40.0,-52.0,13.0,Wednesday,3.93
558,2021-08-26,-14.0,-4.0,36.0,-37.0,-52.0,14.0,Thursday,3.93
559,2021-08-27,-16.0,-6.0,45.0,-36.0,-51.0,12.0,Friday,3.93
560,2021-08-28,-16.0,-10.0,80.0,-8.0,-15.0,0.0,Saturday,3.93
561,2021-08-29,-3.0,-10.0,64.0,-7.0,-8.0,0.0,Sunday,3.93
562,2021-08-30,-14.0,-6.0,20.0,-38.0,-52.0,13.0,Monday,3.93
563,2021-08-31,-10.0,-1.0,44.0,-39.0,-52.0,14.0,Tuesday,3.937
564,2021-09-01,-10.0,-1.0,62.0,-38.0,-51.0,12.0,Wednesday,3.937
565,2021-09-02,-12.0,-1.0,55.0,-34.0,-51.0,12.0,Thursday,3.937
566,2021-09-03,-14.0,-2.0,54.0,-30.0,-52.0,11.0,Friday,3.937
567,2021-09-04,-19.0,-9.0,55.0,-10.0,-19.0,1.0,Saturday,3.937
568,2021-09-05,-4.0,-8.0,52.0,-13.0,-11.0,0.0,Sunday,3.937
569,2021-09-06,-8.0,-3.0,82.0,-41.0,-79.0,16.0,Monday,3.937
570,2021-09-07,-13.0,-1.0,61.0,-33.0,-51.0,13.0,Tuesday,3.937
571,2021-09-08,-16.0,-2.0,61.0,-40.0,-50.0,12.0,Wednesday,3.937
572,2021-09-09,-17.0,-3.0,46.0,-39.0,-50.0,13.0,Thursday,3.937
573,2021-09-10,-18.0,-5.0,34.0,-38.0,-48.0,12.0,Friday,3.937
574,2021-09-11,-18.0,-9.0,64.0,-17.0,-15.0,2.0,Saturday,3.937
575,2021-09-12,-11.0,-11.0,19.0,-15.0,-9.0,3.0,Sunday,3.937
576,2021-09-13,-16.0,-6.0,32.0,-40.0,-49.0,12.0,Monday,3.937
577,2021-09-14,-13.0,-5.0,42.0,-40.0,-49.0,13.0,Tuesday,3.92
578,2021-09-15,-13.0,-3.0,47.0,-40.0,-50.0,13.0,Wednesday,3.92
579,2021-09-16,-15.0,-4.0,47.0,-38.0,-50.0,12.0,Thursday,3.92
580,2021-09-17,-19.0,-8.0,4.0,-37.0,-49.0,13.0,Friday,3.92
581,2021-09-18,-19.0,-11.0,16.0,-18.0,-18.0,4.0,Saturday,3.92
582,2021-09-19,-7.0,-12.0,13.0,-12.0,-11.0,3.0,Sunday,3.92
583,2021-09-20,-16.0,-6.0,35.0,-38.0,-47.0,12.0,Monday,3.92
584,2021-09-21,-13.0,-4.0,65.0,-41.0,-47.0,13.0,Tuesday,3.902
585,2021-09-22,-16.0,-6.0,41.0,-42.0,-45.0,13.0,Wednesday,3.902
586,2021-09-23,-16.0,-5.0,46.0,-39.0,-46.0,12.0,Thursday,3.902
587,2021-09-24,-15.0,-6.0,57.0,-36.0,-45.0,11.0,Friday,3.902
588,2021-09-25,-17.0,-10.0,91.0,-14.0,-15.0,0.0,Saturday,3.902
589,2021-09-26,-15.0,-14.0,-6.0,-18.0,-10.0,4.0,Sunday,3.902
590,2021-09-27,-19.0,-8.0,-8.0,-41.0,-46.0,13.0,Monday,3.902
591,2021-09-28,-15.0,-5.0,26.0,-43.0,-45.0,14.0,Tuesday,3.902
592,2021-09-29,-17.0,-7.0,22.0,-42.0,-45.0,13.0,Wednesday,3.902
593,2021-09-30,-19.0,-7.0,1.0,-40.0,-45.0,14.0,Thursday,3.902
594,2021-10-01,-12.0,-4.0,41.0,-34.0,-44.0,11.0,Friday,3.902
595,2021-10-02,-14.0,-10.0,57.0,-16.0,-16.0,2.0,Saturday,3.902
596,2021-10-03,-8.0,-12.0,1.0,-16.0,-10.0,3.0,Sunday,3.902
597,2021-10-04,-17.0,-5.0,21.0,-40.0,-45.0,12.0,Monday,3.902
598,2021-10-05,-17.0,-6.0,4.0,-43.0,-45.0,14.0,Tuesday,3.908
599,2021-10-06,-17.0,-6.0,26.0,-41.0,-45.0,13.0,Wednesday,3.908
600,2021-10-07,-13.0,-6.0,34.0,-34.0,-45.0,12.0,Thursday,3.908
601,2021-10-08,-15.0,-7.0,35.0,-36.0,-47.0,12.0,Friday,3.908
602,2021-10-09,-18.0,-12.0,31.0,-17.0,-16.0,3.0,Saturday,3.908
603,2021-10-10,-10.0,-12.0,-2.0,-20.0,-11.0,4.0,Sunday,3.908
604,2021-10-11,-18.0,-7.0,14.0,-39.0,-46.0,13.0,Monday,3.908
605,2021-10-12,-17.0,-7.0,12.0,-41.0,-44.0,14.0,Tuesday,3.914
606,2021-10-13,-18.0,-7.0,23.0,-42.0,-44.0,13.0,Wednesday,3.914
607,2021-10-14,-19.0,-8.0,5.0,-40.0,-44.0,13.0,Thursday,3.914
608,2021-10-15,-17.0,-8.0,13.0,-38.0,-44.0,12.0,Friday,3.914
609,2021-10-16,-16.0,-11.0,55.0,-16.0,-15.0,2.0,Saturday,3.914
610,2021-10-17,-11.0,-13.0,6.0,-19.0,-11.0,3.0,Sunday,3.914
611,2021-10-18,-19.0,-9.0,9.0,-41.0,-45.0,12.0,Monday,3.914
612,2021-10-19,-15.0,-8.0,41.0,-41.0,-44.0,13.0,Tuesday,3.949
613,2021-10-20,-19.0,-9.0,14.0,-43.0,-44.0,13.0,Wednesday,3.949
614,2021-10-21,-18.0,-9.0,12.0,-39.0,-45.0,13.0,Thursday,3.949
615,2021-10-22,-16.0,-8.0,6.0,-38.0,-44.0,12.0,Friday,3.949
616,2021-10-23,-17.0,-11.0,13.0,-18.0,-17.0,3.0,Saturday,3.949
617,2021-10-24,-11.0,-15.0,-20.0,-22.0,-12.0,4.0,Sunday,3.949
618,2021-10-25,-17.0,-10.0,-17.0,-37.0,-45.0,13.0,Monday,3.949
619,2021-10-26,-17.0,-8.0,0.0,-41.0,-44.0,14.0,Tuesday,3.951
620,2021-10-27,-18.0,-7.0,8.0,-43.0,-44.0,13.0,Wednesday,3.951
621,2021-10-28,-22.0,-11.0,-25.0,-42.0,-44.0,14.0,Thursday,3.951
622,2021-10-29,-17.0,-5.0,5.0,-40.0,-43.0,12.0,Friday,3.951
623,2021-10-30,-15.0,-4.0,57.0,-22.0,-16.0,2.0,Saturday,3.951
624,2021-10-31,-6.0,-6.0,41.0,-17.0,-10.0,2.0,Sunday,3.951
625,2021-11-01,-20.0,-10.0,-17.0,-39.0,-44.0,13.0,Monday,3.951
626,2021-11-02,-18.0,-7.0,-7.0,-42.0,-43.0,14.0,Tuesday,3.924
627,2021-11-03,-18.0,-7.0,6.0,-43.0,-43.0,13.0,Wednesday,3.924
628,2021-11-04,-20.0,-10.0,-15.0,-42.0,-44.0,14.0,Thursday,3.924
629,2021-11-05,-17.0,-8.0,11.0,-40.0,-43.0,12.0,Friday,3.924
630,2021-11-06,-20.0,-14.0,-12.0,-23.0,-17.0,5.0,Saturday,3.924
631,2021-11-07,-11.0,-14.0,-24.0,-23.0,-11.0,5.0,Sunday,3.924
632,2021-11-08,-19.0,-9.0,2.0,-40.0,-43.0,13.0,Monday,3.924
633,2021-11-09,-20.0,-11.0,-11.0,-43.0,-43.0,14.0,Tuesday,3.928
634,2021-11-10,-16.0,-7.0,16.0,-40.0,-43.0,12.0,Wednesday,3.928
635,2021-11-11,-17.0,-11.0,-25.0,-44.0,-56.0,17.0,Thursday,3.928
636,2021-11-12,-21.0,-11.0,-15.0,-42.0,-46.0,14.0,Friday,3.928
637,2021-11-13,-18.0,-13.0,8.0,-20.0,-16.0,4.0,Saturday,3.928
638,2021-11-14,-16.0,-17.0,-35.0,-22.0,-12.0,5.0,Sunday,3.928
639,2021-11-15,-21.0,-11.0,-20.0,-41.0,-43.0,13.0,Monday,3.928
640,2021-11-16,-17.0,-7.0,15.0,-41.0,-42.0,13.0,Tuesday,3.942
641,2021-11-17,-17.0,-9.0,12.0,-40.0,-42.0,13.0,Wednesday,3.942
642,2021-11-18,-20.0,-10.0,-18.0,-40.0,-43.0,13.0,Thursday,3.942
643,2021-11-19,-18.0,-7.0,-1.0,-39.0,-41.0,12.0,Friday,3.942
644,2021-11-20,-18.0,-9.0,19.0,-16.0,-14.0,3.0,Saturday,3.942
645,2021-11-21,-5.0,-11.0,7.0,-13.0,-9.0,4.0,Sunday,3.942
646,2021-11-22,-17.0,-4.0,-21.0,-39.0,-44.0,12.0,Monday,3.942
647,2021-11-23,-8.0,7.0,3.0,-36.0,-45.0,12.0,Tuesday,3.931
648,2021-11-24,-3.0,27.0,7.0,-37.0,-50.0,11.0,Wednesday,3.931
649,2021-11-25,-68.0,-29.0,-28.0,-62.0,-89.0,21.0,Thursday,3.931
650,2021-11-26,-25.0,-19.0,-2.0,-51.0,-73.0,18.0,Friday,3.931
651,2021-11-27,-29.0,-22.0,-26.0,-24.0,-23.0,5.0,Saturday,3.931
652,2021-11-28,-20.0,-19.0,-27.0,-23.0,-12.0,5.0,Sunday,3.931
653,2021-11-29,-21.0,-10.0,-6.0,-39.0,-43.0,12.0,Monday,3.931
654,2021-11-30,-19.0,-8.0,-11.0,-37.0,-43.0,14.0,Tuesday,3.921
655,2021-12-01,-17.0,-6.0,6.0,-39.0,-43.0,13.0,Wednesday,3.921
656,2021-12-02,-20.0,-7.0,-13.0,-42.0,-43.0,13.0,Thursday,3.921
657,2021-12-03,-18.0,-8.0,0.0,-40.0,-42.0,12.0,Friday,3.921
658,2021-12-04,-20.0,-12.0,-23.0,-23.0,-15.0,5.0,Saturday,3.921
659,2021-12-05,-5.0,-11.0,1.0,-18.0,-8.0,4.0,Sunday,3.921
660,2021-12-06,-21.0,-10.0,-24.0,-42.0,-43.0,13.0,Monday,3.921
661,2021-12-07,-18.0,-6.0,-9.0,-44.0,-42.0,13.0,Tuesday,3.904
662,2021-12-08,-18.0,-8.0,0.0,-45.0,-42.0,13.0,Wednesday,3.904
663,2021-12-09,-18.0,-8.0,-8.0,-42.0,-42.0,13.0,Thursday,3.904
664,2021-12-10,-20.0,-10.0,-15.0,-41.0,-41.0,13.0,Friday,3.904
665,2021-12-11,-20.0,-11.0,-8.0,-22.0,-12.0,4.0,Saturday,3.904
666,2021-12-12,-13.0,-14.0,-23.0,-24.0,-7.0,4.0,Sunday,3.904
667,2021-12-13,-20.0,-9.0,-25.0,-42.0,-42.0,12.0,Monday,3.904
668,2021-12-14,-16.0,-7.0,-12.0,-40.0,-42.0,13.0,Tuesday,3.892
669,2021-12-15,-15.0,-6.0,-10.0,-40.0,-43.0,12.0,Wednesday,3.892
670,2021-12-16,-14.0,-5.0,-15.0,-38.0,-43.0,12.0,Thursday,3.892
671,2021-12-17,-15.0,-6.0,-6.0,-38.0,-42.0,12.0,Friday,3.892
672,2021-12-18,-21.0,-13.0,-30.0,-16.0,-13.0,4.0,Saturday,3.892
673,2021-12-19,-4.0,-10.0,7.0,-18.0,-6.0,2.0,Sunday,3.892
674,2021-12-20,-12.0,-3.0,-25.0,-41.0,-53.0,13.0,Monday,3.892
675,2021-12-21,-7.0,3.0,-6.0,-40.0,-53.0,14.0,Tuesday,3.88
676,2021-12-22,-8.0,6.0,-17.0,-41.0,-55.0,14.0,Wednesday,3.88
677,2021-12-23,-2.0,24.0,-3.0,-41.0,-60.0,14.0,Thursday,3.88
678,2021-12-24,-34.0,8.0,-20.0,-51.0,-77.0,19.0,Friday,3.88
679,2021-12-25,-80.0,-64.0,-44.0,-42.0,-67.0,11.0,Saturday,3.88
680,2021-12-26,-63.0,-46.0,-49.0,-40.0,-49.0,14.0,Sunday,3.88
681,2021-12-27,-46.0,-23.0,-42.0,-53.0,-78.0,27.0,Monday,3.88
682,2021-12-28,-36.0,-13.0,-35.0,-49.0,-71.0,26.0,Tuesday,3.913
683,2021-12-29,-24.0,0.0,-23.0,-47.0,-66.0,21.0,Wednesday,3.913
684,2021-12-30,-43.0,-17.0,-42.0,-55.0,-75.0,28.0,Thursday,3.913
685,2021-12-31,-35.0,-4.0,-15.0,-55.0,-76.0,25.0,Friday,3.913
686,2022-01-01,-54.0,-41.0,-34.0,-38.0,-45.0,12.0,Saturday,3.913
687,2022-01-02,-27.0,-25.0,-56.0,-25.0,-16.0,9.0,Sunday,3.913
688,2022-01-03,-26.0,-10.0,-43.0,-48.0,-56.0,19.0,Monday,3.913
689,2022-01-04,-28.0,-10.0,-27.0,-46.0,-50.0,19.0,Tuesday,3.999
690,2022-01-05,-29.0,-10.0,-25.0,-48.0,-49.0,18.0,Wednesday,3.999
691,2022-01-06,-33.0,-15.0,-39.0,-51.0,-49.0,19.0,Thursday,3.999
692,2022-01-07,-32.0,-15.0,-30.0,-53.0,-47.0,19.0,Friday,3.999
693,2022-01-08,-30.0,-16.0,-4.0,-35.0,-18.0,9.0,Saturday,3.999
694,2022-01-09,-21.0,-17.0,24.0,-33.0,-13.0,7.0,Sunday,3.999
695,2022-01-10,-31.0,-16.0,-33.0,-51.0,-48.0,17.0,Monday,3.999
696,2022-01-11,-30.0,-15.0,-29.0,-54.0,-48.0,18.0,Tuesday,4.02
697,2022-01-12,-29.0,-13.0,-8.0,-54.0,-49.0,18.0,Wednesday,4.02
698,2022-01-13,-30.0,-14.0,-3.0,-51.0,-49.0,18.0,Thursday,4.02
699,2022-01-14,-29.0,-15.0,2.0,-51.0,-48.0,17.0,Friday,4.02
700,2022-01-15,-29.0,-19.0,6.0,-34.0,-18.0,7.0,Saturday,4.02
701,2022-01-16,-21.0,-21.0,-6.0,-38.0,-15.0,6.0,Sunday,4.02
702,2022-01-17,-19.0,-12.0,18.0,-55.0,-64.0,18.0,Monday,4.02
703,2022-01-18,-30.0,-15.0,-14.0,-52.0,-47.0,17.0,Tuesday,4.017
704,2022-01-19,-30.0,-15.0,-4.0,-54.0,-47.0,17.0,Wednesday,4.017
705,2022-01-20,-30.0,-17.0,-19.0,-52.0,-47.0,17.0,Thursday,4.017
706,2022-01-21,-28.0,-15.0,6.0,-51.0,-45.0,16.0,Friday,4.017
707,2022-01-22,-28.0,-18.0,25.0,-36.0,-16.0,6.0,Saturday,4.017
708,2022-01-23,-23.0,-21.0,-12.0,-38.0,-12.0,6.0,Sunday,4.017
709,2022-01-24,-30.0,-18.0,-24.0,-53.0,-45.0,15.0,Monday,4.017
710,2022-01-25,-25.0,-15.0,2.0,-53.0,-45.0,16.0,Tuesday,4.038
711,2022-01-26,-27.0,-15.0,0.0,-54.0,-45.0,16.0,Wednesday,4.038
712,2022-01-27,-27.0,-15.0,5.0,-51.0,-45.0,15.0,Thursday,4.038
713,2022-01-28,-26.0,-15.0,10.0,-50.0,-45.0,15.0,Friday,4.038
714,2022-01-29,-25.0,-17.0,26.0,-35.0,-15.0,5.0,Saturday,4.038
715,2022-01-30,-25.0,-21.0,-31.0,-37.0,-10.0,6.0,Sunday,4.038
716,2022-01-31,-27.0,-14.0,-7.0,-50.0,-44.0,14.0,Monday,4.038
717,2022-02-01,-24.0,-11.0,1.0,-50.0,-44.0,15.0,Tuesday,4.029
718,2022-02-02,-27.0,-15.0,-9.0,-52.0,-44.0,15.0,Wednesday,4.029
719,2022-02-03,-27.0,-13.0,-15.0,-50.0,-44.0,15.0,Thursday,4.029
720,2022-02-04,-26.0,-14.0,-10.0,-49.0,-42.0,14.0,Friday,4.029
721,2022-02-05,-25.0,-16.0,16.0,-33.0,-15.0,5.0,Saturday,4.029
722,2022-02-06,-15.0,-16.0,39.0,-31.0,-9.0,4.0,Sunday,4.029
723,2022-02-07,-28.0,-15.0,-14.0,-49.0,-43.0,14.0,Monday,4.029
724,2022-02-08,-24.0,-13.0,4.0,-50.0,-43.0,14.0,Tuesday,4.028
725,2022-02-09,-24.0,-13.0,18.0,-49.0,-43.0,13.0,Wednesday,4.028
726,2022-02-10,-26.0,-12.0,-4.0,-47.0,-44.0,14.0,Thursday,4.028
727,2022-02-11,-24.0,-11.0,17.0,-45.0,-42.0,13.0,Friday,4.028
728,2022-02-12,-20.0,-10.0,65.0,-25.0,-14.0,3.0,Saturday,4.028
729,2022-02-13,-20.0,-7.0,21.0,-31.0,-10.0,3.0,Sunday,4.028
730,2022-02-14,-19.0,-3.0,-20.0,-47.0,-43.0,13.0,Monday,4.028
731,2022-02-15,-26.0,-15.0,1.0,-46.0,-43.0,14.0,Tuesday,4.055
732,2022-02-16,-25.0,-14.0,16.0,-46.0,-43.0,13.0,Wednesday,4.055
733,2022-02-17,-25.0,-15.0,-4.0,-44.0,-44.0,13.0,Thursday,4.055
734,2022-02-18,-23.0,-14.0,16.0,-42.0,-44.0,13.0,Friday,4.055
735,2022-02-19,-25.0,-18.0,-9.0,-26.0,-16.0,4.0,Saturday,4.055
736,2022-02-20,-15.0,-19.0,-4.0,-27.0,-11.0,3.0,Sunday,4.055
737,2022-02-21,-19.0,-14.0,1.0,-48.0,-62.0,15.0,Monday,4.055
738,2022-02-22,-26.0,-18.0,-21.0,-44.0,-50.0,15.0,Tuesday,4.099
739,2022-02-23,-26.0,-17.0,1.0,-46.0,-49.0,13.0,Wednesday,4.099
740,2022-02-24,-25.0,-18.0,-7.0,-45.0,-49.0,14.0,Thursday,4.099
741,2022-02-25,-25.0,-17.0,9.0,-44.0,-47.0,13.0,Friday,4.099
742,2022-02-26,-26.0,-20.0,-1.0,-26.0,-15.0,4.0,Saturday,4.099
743,2022-02-27,-19.0,-21.0,-38.0,-25.0,-9.0,4.0,Sunday,4.099
744,2022-02-28,-31.0,-21.0,-44.0,-46.0,-43.0,13.0,Monday,4.099
745,2022-03-01,-21.0,-12.0,5.0,-44.0,-42.0,12.0,Tuesday,4.513
746,2022-03-02,-25.0,-16.0,-16.0,-46.0,-43.0,12.0,Wednesday,4.513
747,2022-03-03,-24.0,-13.0,-4.0,-44.0,-43.0,12.0,Thursday,4.513
748,2022-03-04,-23.0,-14.0,-1.0,-43.0,-41.0,11.0,Friday,4.513
749,2022-03-05,-21.0,-17.0,36.0,-25.0,-14.0,2.0,Saturday,4.513
750,2022-03-06,-12.0,-16.0,24.0,-25.0,-9.0,2.0,Sunday,4.513
751,2022-03-07,-25.0,-16.0,-9.0,-44.0,-42.0,12.0,Monday,4.513
752,2022-03-08,-23.0,-15.0,-11.0,-44.0,-42.0,12.0,Tuesday,4.814
753,2022-03-09,-24.0,-15.0,14.0,-46.0,-42.0,11.0,Wednesday,4.814
754,2022-03-10,-26.0,-16.0,-5.0,-44.0,-42.0,12.0,Thursday,4.814
755,2022-03-11,-24.0,-16.0,-2.0,-44.0,-43.0,12.0,Friday,4.814
756,2022-03-12,-22.0,-18.0,18.0,-25.0,-14.0,3.0,Saturday,4.814
757,2022-03-13,-15.0,-18.0,-3.0,-26.0,-9.0,3.0,Sunday,4.814
758,2022-03-14,-29.0,-19.0,-37.0,-45.0,-42.0,12.0,Monday,4.814
759,2022-03-15,-24.0,-14.0,-5.0,-45.0,-42.0,12.0,Tuesday,4.75
760,2022-03-16,-22.0,-13.0,20.0,-44.0,-42.0,11.0,Wednesday,4.75
761,2022-03-17,-24.0,-14.0,-13.0,-43.0,-42.0,11.0,Thursday,4.75
762,2022-03-18,-23.0,-15.0,5.0,-42.0,-43.0,11.0,Friday,4.75
763,2022-03-19,-23.0,-19.0,-9.0,-25.0,-16.0,3.0,Saturday,4.75
764,2022-03-20,-15.0,-19.0,-15.0,-23.0,-10.0,3.0,Sunday,4.75
765,2022-03-21,-27.0,-17.0,-26.0,-43.0,-42.0,12.0,Monday,4.75
766,2022-03-22,-20.0,-14.0,47.0,-41.0,-41.0,11.0,Tuesday,4.766
767,2022-03-23,-24.0,-17.0,-9.0,-43.0,-42.0,11.0,Wednesday,4.766
768,2022-03-24,-22.0,-14.0,24.0,-41.0,-43.0,10.0,Thursday,4.766
769,2022-03-25,-21.0,-15.0,27.0,-41.0,-42.0,10.0,Friday,4.766
770,2022-03-26,-19.0,-18.0,27.0,-22.0,-14.0,2.0,Saturday,4.766
771,2022-03-27,-10.0,-16.0,42.0,-21.0,-9.0,1.0,Sunday,4.766
772,2022-03-28,-25.0,-17.0,-4.0,-42.0,-41.0,11.0,Monday,4.766
773,2022-03-29,-21.0,-15.0,23.0,-40.0,-40.0,11.0,Tuesday,4.702
774,2022-03-30,-23.0,-16.0,0.0,-42.0,-41.0,11.0,Wednesday,4.702
775,2022-03-31,-21.0,-12.0,17.0,-40.0,-41.0,10.0,Thursday,4.702
776,2022-04-01,-21.0,-13.0,10.0,-41.0,-40.0,10.0,Friday,4.702
777,2022-04-02,-20.0,-16.0,40.0,-19.0,-15.0,1.0,Saturday,4.702
778,2022-04-03,-14.0,-17.0,-21.0,-21.0,-9.0,3.0,Sunday,4.702
779,2022-04-04,-24.0,-16.0,-20.0,-42.0,-43.0,11.0,Monday,4.702
780,2022-04-05,-20.0,-12.0,16.0,-38.0,-43.0,11.0,Tuesday,4.66
781,2022-04-06,-19.0,-13.0,36.0,-39.0,-43.0,10.0,Wednesday,4.66
782,2022-04-07,-19.0,-11.0,57.0,-37.0,-44.0,9.0,Thursday,4.66
783,2022-04-08,-21.0,-12.0,-3.0,-39.0,-43.0,11.0,Friday,4.66
784,2022-04-09,-22.0,-15.0,1.0,-20.0,-16.0,2.0,Saturday,4.66
785,2022-04-10,-15.0,-16.0,-26.0,-21.0,-11.0,2.0,Sunday,4.66
786,2022-04-11,-24.0,-14.0,-11.0,-40.0,-46.0,11.0,Monday,4.66
787,2022-04-12,-23.0,-14.0,-9.0,-40.0,-46.0,12.0,Tuesday,4.663
788,2022-04-13,-23.0,-14.0,0.0,-42.0,-46.0,11.0,Wednesday,4.663
789,2022-04-14,-23.0,-13.0,-3.0,-39.0,-46.0,11.0,Thursday,4.663
790,2022-04-15,-19.0,-10.0,21.0,-39.0,-48.0,10.0,Friday,4.663
791,2022-04-16,-20.0,-11.0,4.0,-19.0,-18.0,2.0,Saturday,4.663
792,2022-04-17,-26.0,-15.0,31.0,-19.0,-19.0,0.0,Sunday,4.663
793,2022-04-18,-25.0,-18.0,-33.0,-41.0,-42.0,11.0,Monday,4.663
794,2022-04-19,-20.0,-12.0,22.0,-38.0,-40.0,10.0,Tuesday,4.691
795,2022-04-20,-21.0,-15.0,-5.0,-38.0,-41.0,10.0,Wednesday,4.691
796,2022-04-21,-22.0,-14.0,-4.0,-38.0,-41.0,10.0,Thursday,4.691
797,2022-04-22,-20.0,-12.0,31.0,-37.0,-41.0,9.0,Friday,4.691
798,2022-04-23,-19.0,-14.0,56.0,-15.0,-15.0,0.0,Saturday,4.691
799,2022-04-24,-7.0,-13.0,47.0,-16.0,-10.0,0.0,Sunday,4.691
800,2022-04-25,-23.0,-13.0,-11.0,-38.0,-41.0,10.0,Monday,4.691
801,2022-04-26,-20.0,-10.0,11.0,-38.0,-39.0,10.0,Tuesday,4.708
802,2022-04-27,-19.0,-10.0,23.0,-38.0,-40.0,9.0,Wednesday,4.708
803,2022-04-28,-21.0,-11.0,8.0,-36.0,-41.0,10.0,Thursday,4.708
804,2022-04-29,-18.0,-10.0,27.0,-35.0,-41.0,9.0,Friday,4.708
805,2022-04-30,-19.0,-12.0,30.0,-14.0,-15.0,1.0,Saturday,4.708
806,2022-05-01,-8.0,-10.0,34.0,-17.0,-9.0,1.0,Sunday,4.708
807,2022-05-02,-22.0,-12.0,-18.0,-39.0,-42.0,10.0,Monday,4.708
808,2022-05-03,-18.0,-8.0,15.0,-37.0,-40.0,10.0,Tuesday,4.814
809,2022-05-04,-14.0,-8.0,40.0,-34.0,-41.0,9.0,Wednesday,4.814
810,2022-05-05,-19.0,-9.0,-24.0,-37.0,-41.0,10.0,Thursday,4.814
811,2022-05-06,-20.0,-10.0,-10.0,-35.0,-41.0,10.0,Friday,4.814
812,2022-05-07,-17.0,-6.0,9.0,-15.0,-16.0,2.0,Saturday,4.814
813,2022-05-08,0.0,-4.0,31.0,-14.0,-10.0,0.0,Sunday,4.814
814,2022-05-09,-21.0,-11.0,5.0,-37.0,-41.0,10.0,Monday,4.814
815,2022-05-10,-16.0,-7.0,39.0,-35.0,-40.0,9.0,Tuesday,4.994
816,2022-05-11,-18.0,-9.0,32.0,-36.0,-41.0,9.0,Wednesday,4.994
817,2022-05-12,-23.0,-11.0,-16.0,-37.0,-41.0,10.0,Thursday,4.994
818,2022-05-13,-19.0,-9.0,25.0,-34.0,-41.0,9.0,Friday,4.994
819,2022-05-14,-20.0,-13.0,44.0,-11.0,-17.0,1.0,Saturday,4.994
820,2022-05-15,-14.0,-15.0,-29.0,-12.0,-11.0,3.0,Sunday,4.994
821,2022-05-16,-21.0,-10.0,16.0,-36.0,-41.0,9.0,Monday,4.994
822,2022-05-17,-19.0,-9.0,32.0,-35.0,-39.0,10.0,Tuesday,5.2
823,2022-05-18,-19.0,-10.0,15.0,-37.0,-41.0,10.0,Wednesday,5.2
824,2022-05-19,-19.0,-8.0,28.0,-35.0,-41.0,9.0,Thursday,5.2
825,2022-05-20,-19.0,-9.0,39.0,-34.0,-41.0,9.0,Friday,5.2
826,2022-05-21,-18.0,-11.0,81.0,-9.0,-17.0,-1.0,Saturday,5.2
827,2022-05-22,-7.0,-10.0,65.0,-10.0,-10.0,0.0,Sunday,5.2
828,2022-05-23,-20.0,-10.0,18.0,-36.0,-41.0,10.0,Monday,5.2
829,2022-05-24,-19.0,-10.0,10.0,-34.0,-40.0,11.0,Tuesday,5.241
830,2022-05-25,-17.0,-8.0,46.0,-34.0,-41.0,9.0,Wednesday,5.241
831,2022-05-26,-19.0,-9.0,2.0,-35.0,-41.0,10.0,Thursday,5.241
832,2022-05-27,-17.0,-7.0,36.0,-35.0,-46.0,9.0,Friday,5.241
833,2022-05-28,-24.0,-16.0,1.0,-17.0,-22.0,2.0,Saturday,5.241
834,2022-05-29,-9.0,-18.0,-19.0,-18.0,-15.0,1.0,Sunday,5.241
835,2022-05-30,-17.0,-9.0,54.0,-46.0,-79.0,15.0,Monday,5.241
836,2022-05-31,-17.0,-6.0,57.0,-33.0,-41.0,10.0,Tuesday,5.416
837,2022-06-01,-19.0,-7.0,30.0,-36.0,-40.0,10.0,Wednesday,5.416
838,2022-06-02,-20.0,-8.0,19.0,-35.0,-40.0,10.0,Thursday,5.416
839,2022-06-03,-20.0,-9.0,4.0,-35.0,-41.0,10.0,Friday,5.416
840,2022-06-04,-17.0,-11.0,44.0,-10.0,-16.0,1.0,Saturday,5.416
841,2022-06-05,-9.0,-10.0,8.0,-11.0,-10.0,2.0,Sunday,5.416
842,2022-06-06,-19.0,-8.0,23.0,-34.0,-40.0,9.0,Monday,5.416
843,2022-06-07,-14.0,-7.0,54.0,-31.0,-39.0,9.0,Tuesday,5.549
844,2022-06-08,-15.0,-6.0,53.0,-33.0,-40.0,9.0,Wednesday,5.549
845,2022-06-09,-20.0,-12.0,-21.0,-33.0,-41.0,11.0,Thursday,5.549
846,2022-06-10,-17.0,-7.0,11.0,-31.0,-42.0,10.0,Friday,5.549
847,2022-06-11,-14.0,-8.0,74.0,-3.0,-16.0,-1.0,Saturday,5.549
848,2022-06-12,-4.0,-11.0,12.0,-5.0,-11.0,1.0,Sunday,5.549
849,2022-06-13,-15.0,-8.0,7.0,-31.0,-42.0,10.0,Monday,5.549
850,2022-06-14,-12.0,-6.0,37.0,-29.0,-40.0,10.0,Tuesday,5.518
851,2022-06-15,-13.0,-5.0,40.0,-31.0,-42.0,9.0,Wednesday,5.518
852,2022-06-16,-12.0,-4.0,57.0,-30.0,-42.0,9.0,Thursday,5.518
853,2022-06-17,-17.0,-7.0,5.0,-31.0,-45.0,10.0,Friday,5.518
854,2022-06-18,-18.0,-9.0,38.0,-2.0,-18.0,0.0,Saturday,5.518
855,2022-06-19,-4.0,-9.0,46.0,-4.0,-13.0,-1.0,Sunday,5.518
856,2022-06-20,-13.0,-6.0,48.0,-35.0,-55.0,11.0,Monday,5.518
857,2022-06-21,-12.0,-5.0,83.0,-30.0,-46.0,10.0,Tuesday,5.461
858,2022-06-22,-17.0,-8.0,28.0,-33.0,-47.0,11.0,Wednesday,5.461
859,2022-06-23,-15.0,-5.0,64.0,-30.0,-48.0,10.0,Thursday,5.461
860,2022-06-24,-18.0,-6.0,79.0,-29.0,-50.0,9.0,Friday,5.461
861,2022-06-25,-20.0,-9.0,91.0,1.0,-19.0,-2.0,Saturday,5.461
862,2022-06-26,-4.0,-7.0,89.0,2.0,-12.0,-2.0,Sunday,5.461
863,2022-06-27,-14.0,-7.0,50.0,-31.0,-49.0,10.0,Monday,5.461
864,2022-06-28,-15.0,-9.0,29.0,-29.0,-48.0,11.0,Tuesday,5.405
865,2022-06-29,-15.0,-7.0,43.0,-30.0,-48.0,10.0,Wednesday,5.405
866,2022-06-30,-14.0,-3.0,57.0,-29.0,-48.0,9.0,Thursday,5.405
867,2022-07-01,-15.0,-2.0,67.0,-29.0,-51.0,9.0,Friday,5.405
868,2022-07-02,-26.0,-12.0,45.0,-9.0,-21.0,0.0,Saturday,5.405
869,2022-07-03,-14.0,-12.0,-22.0,-13.0,-15.0,1.0,Sunday,5.405
870,2022-07-04,-29.0,-6.0,116.0,-44.0,-83.0,14.0,Monday,5.405
871,2022-07-05,-18.0,-7.0,39.0,-31.0,-54.0,11.0,Tuesday,5.308
872,2022-07-06,-19.0,-8.0,39.0,-33.0,-49.0,11.0,Wednesday,5.308
873,2022-07-07,-15.0,-6.0,57.0,-32.0,-49.0,9.0,Thursday,5.308
874,2022-07-08,-17.0,-8.0,59.0,-32.0,-49.0,10.0,Friday,5.308
875,2022-07-09,-17.0,-11.0,80.0,-1.0,-17.0,-1.0,Saturday,5.308
876,2022-07-10,-5.0,-10.0,66.0,-2.0,-10.0,-1.0,Sunday,5.308
877,2022-07-11,-16.0,-6.0,57.0,-30.0,-49.0,9.0,Monday,5.308
878,2022-07-12,-13.0,-5.0,76.0,-28.0,-47.0,10.0,Tuesday,5.162
879,2022-07-13,-15.0,-6.0,74.0,-30.0,-47.0,9.0,Wednesday,5.162
880,2022-07-14,-15.0,-5.0,64.0,-29.0,-48.0,10.0,Thursday,5.162
881,2022-07-15,-17.0,-7.0,81.0,-29.0,-49.0,10.0,Friday,5.162
882,2022-07-16,-19.0,-12.0,64.0,-1.0,-17.0,-1.0,Saturday,5.162
883,2022-07-17,-8.0,-11.0,52.0,-4.0,-9.0,0.0,Sunday,5.162
884,2022-07-18,-18.0,-10.0,40.0,-30.0,-48.0,13.0,Monday,5.162
885,2022-07-19,-13.0,-6.0,74.0,-27.0,-47.0,13.0,Tuesday,5.081
886,2022-07-20,-15.0,-5.0,82.0,-29.0,-48.0,9.0,Wednesday,5.081
887,2022-07-21,-15.0,-5.0,68.0,-27.0,-47.0,9.0,Thursday,5.081
888,2022-07-22,-15.0,-6.0,71.0,-27.0,-49.0,9.0,Friday,5.081
889,2022-07-23,-18.0,-11.0,81.0,3.0,-17.0,-1.0,Saturday,5.081
890,2022-07-24,-4.0,-10.0,76.0,3.0,-10.0,0.0,Sunday,5.081
891,2022-07-25,-15.0,-6.0,47.0,-27.0,-48.0,10.0,Monday,5.081
892,2022-07-26,-12.0,-3.0,70.0,-26.0,-47.0,10.0,Tuesday,5.004
893,2022-07-27,-13.0,-4.0,70.0,-29.0,-47.0,9.0,Wednesday,5.004
894,2022-07-28,-15.0,-3.0,55.0,-29.0,-47.0,9.0,Thursday,5.004
895,2022-07-29,-17.0,-1.0,59.0,-31.0,-49.0,10.0,Friday,5.004
896,2022-07-30,-21.0,-9.0,70.0,-5.0,-17.0,-1.0,Saturday,5.004
897,2022-07-31,-6.0,-8.0,61.0,-3.0,-9.0,-1.0,Sunday,5.004
898,2022-08-01,-14.0,-5.0,44.0,-29.0,-48.0,10.0,Monday,5.004
899,2022-08-02,-9.0,-3.0,64.0,-26.0,-46.0,10.0,Tuesday,4.886
900,2022-08-03,-9.0,-4.0,68.0,-27.0,-47.0,9.0,Wednesday,4.886
901,2022-08-04,-13.0,-5.0,44.0,-27.0,-47.0,10.0,Thursday,4.886
902,2022-08-05,-15.0,-5.0,77.0,-27.0,-49.0,9.0,Friday,4.886
903,2022-08-06,-19.0,-9.0,92.0,5.0,-18.0,-1.0,Saturday,4.886
904,2022-08-07,-5.0,-8.0,83.0,5.0,-10.0,-2.0,Sunday,4.886
905,2022-08-08,-14.0,-7.0,45.0,-28.0,-48.0,9.0,Monday,4.886
906,2022-08-09,-12.0,-6.0,57.0,-24.0,-46.0,10.0,Tuesday,4.811
907,2022-08-10,-13.0,-7.0,49.0,-28.0,-47.0,10.0,Wednesday,4.811
908,2022-08-11,-14.0,-4.0,61.0,-27.0,-47.0,9.0,Thursday,4.811
909,2022-08-12,-18.0,-6.0,64.0,-28.0,-48.0,9.0,Friday,4.811
910,2022-08-13,-22.0,-11.0,71.0,-1.0,-17.0,-1.0,Saturday,4.811
911,2022-08-14,-6.0,-10.0,69.0,3.0,-9.0,-1.0,Sunday,4.811
912,2022-08-15,-15.0,-7.0,37.0,-28.0,-48.0,11.0,Monday,4.811
913,2022-08-16,-12.0,-5.0,64.0,-27.0,-46.0,12.0,Tuesday,4.785
914,2022-08-17,-13.0,-6.0,65.0,-28.0,-46.0,11.0,Wednesday,4.785
915,2022-08-18,-12.0,-5.0,46.0,-23.0,-47.0,11.0,Thursday,4.785
916,2022-08-19,-17.0,-6.0,42.0,-26.0,-49.0,11.0,Friday,4.785
917,2022-08-20,-20.0,-12.0,65.0,4.0,-17.0,0.0,Saturday,4.785
918,2022-08-21,-6.0,-11.0,53.0,1.0,-8.0,-1.0,Sunday,4.785
919,2022-08-22,-15.0,-8.0,36.0,-27.0,-48.0,11.0,Monday,4.785
920,2022-08-23,-11.0,-7.0,59.0,-24.0,-46.0,12.0,Tuesday,4.738
921,2022-08-24,-13.0,-7.0,62.0,-28.0,-47.0,11.0,Wednesday,4.738
922,2022-08-25,-12.0,-6.0,51.0,-26.0,-47.0,11.0,Thursday,4.738
923,2022-08-26,-16.0,-9.0,40.0,-27.0,-49.0,11.0,Friday,4.738
924,2022-08-27,-20.0,-13.0,50.0,-2.0,-16.0,1.0,Saturday,4.738
925,2022-08-28,-4.0,-10.0,55.0,1.0,-7.0,-1.0,Sunday,4.738
926,2022-08-29,-16.0,-8.0,31.0,-30.0,-48.0,10.0,Monday,4.738
927,2022-08-30,-13.0,-6.0,53.0,-28.0,-46.0,10.0,Tuesday,4.639
928,2022-08-31,-10.0,-6.0,51.0,-27.0,-47.0,9.0,Wednesday,4.639
929,2022-09-01,-14.0,-4.0,36.0,-25.0,-47.0,9.0,Thursday,4.639
930,2022-09-02,-16.0,-5.0,42.0,-27.0,-50.0,8.0,Friday,4.639
931,2022-09-03,-20.0,-13.0,26.0,0.0,-20.0,-1.0,Saturday,4.639
932,2022-09-04,-6.0,-12.0,33.0,-2.0,-11.0,-2.0,Sunday,4.639
933,2022-09-05,-15.0,-5.0,66.0,-36.0,-79.0,14.0,Monday,4.639
934,2022-09-06,-14.0,-3.0,42.0,-23.0,-47.0,9.0,Tuesday,4.67
935,2022-09-07,-16.0,-6.0,43.0,-31.0,-46.0,9.0,Wednesday,4.67
936,2022-09-08,-18.0,-6.0,32.0,-29.0,-46.0,9.0,Thursday,4.67
937,2022-09-09,-16.0,-8.0,31.0,-27.0,-46.0,8.0,Friday,4.67
938,2022-09-10,-18.0,-11.0,47.0,5.0,-15.0,0.0,Saturday,4.67
939,2022-09-11,-9.0,-11.0,15.0,2.0,-6.0,1.0,Sunday,4.67
940,2022-09-12,-13.0,-9.0,14.0,-23.0,-45.0,9.0,Monday,4.67
941,2022-09-13,-14.0,-8.0,28.0,-26.0,-44.0,9.0,Tuesday,4.653
942,2022-09-14,-15.0,-8.0,30.0,-28.0,-44.0,8.0,Wednesday,4.653
943,2022-09-15,-18.0,-8.0,24.0,-28.0,-44.0,8.0,Thursday,4.653
944,2022-09-16,-19.0,-9.0,19.0,-27.0,-45.0,9.0,Friday,4.653
945,2022-09-17,-19.0,-12.0,42.0,4.0,-16.0,0.0,Saturday,4.653
946,2022-09-18,-9.0,-11.0,37.0,0.0,-9.0,0.0,Sunday,4.653
947,2022-09-19,-19.0,-9.0,16.0,-27.0,-45.0,9.0,Monday,4.653
948,2022-09-20,-15.0,-6.0,36.0,-26.0,-43.0,9.0,Tuesday,4.867
949,2022-09-21,-17.0,-9.0,20.0,-30.0,-44.0,9.0,Wednesday,4.867
950,2022-09-22,-19.0,-8.0,20.0,-27.0,-44.0,9.0,Thursday,4.867
951,2022-09-23,-19.0,-9.0,28.0,-27.0,-45.0,9.0,Friday,4.867
952,2022-09-24,-18.0,-12.0,56.0,0.0,-16.0,-1.0,Saturday,4.867
953,2022-09-25,-7.0,-12.0,32.0,2.0,-10.0,0.0,Sunday,4.867
954,2022-09-26,-19.0,-9.0,16.0,-28.0,-44.0,9.0,Monday,4.867
955,2022-09-27,-14.0,-8.0,31.0,-27.0,-42.0,9.0,Tuesday,5.365
956,2022-09-28,-17.0,-10.0,14.0,-31.0,-43.0,9.0,Wednesday,5.365
957,2022-09-29,-17.0,-9.0,22.0,-28.0,-43.0,9.0,Thursday,5.365
958,2022-09-30,-16.0,-8.0,26.0,-26.0,-43.0,8.0,Friday,5.365
959,2022-10-01,-16.0,-11.0,51.0,0.0,-16.0,0.0,Saturday,5.365
960,2022-10-02,-7.0,-11.0,31.0,0.0,-9.0,0.0,Sunday,5.365
961,2022-10-03,-17.0,-9.0,9.0,-28.0,-42.0,9.0,Monday,5.365
962,2022-10-04,-16.0,-8.0,17.0,-29.0,-41.0,9.0,Tuesday,5.504
963,2022-10-05,-18.0,-9.0,15.0,-32.0,-42.0,9.0,Wednesday,5.504
964,2022-10-06,-19.0,-8.0,17.0,-29.0,-40.0,9.0,Thursday,5.504
965,2022-10-07,-20.0,-10.0,21.0,-30.0,-43.0,9.0,Friday,5.504
966,2022-10-08,-22.0,-14.0,41.0,-6.0,-16.0,0.0,Saturday,5.504
967,2022-10-09,-11.0,-13.0,18.0,-6.0,-10.0,1.0,Sunday,5.504
968,2022-10-10,-21.0,-11.0,2.0,-31.0,-44.0,10.0,Monday,5.504
969,2022-10-11,-18.0,-10.0,24.0,-29.0,-40.0,9.0,Tuesday,
970,2022-10-12,-19.0,-10.0,23.0,-33.0,-41.0,9.0,Wednesday,
971,2022-10-13,-21.0,-10.0,10.0,-30.0,-41.0,9.0,Thursday,
972,2022-10-14,-18.0,-9.0,16.0,-29.0,-44.0,9.0,Friday,
973,2022-10-15,-19.0,-15.0,13.0,1.0,-16.0,1.0,Saturday,
